"pclass","survived","name","sex","age","sibsp","parch","ticket","fare","cabin","embarked","boat","body","home.dest","has_cabin_number"
1,1,22,1,29,0,0,188,211.3375,NA,NA,2,NA,309,1
1,1,24,2,0.9167,1,2,50,151.55,NA,NA,11,NA,231,1
1,0,25,1,2,1,2,50,151.55,NA,NA,NA,NA,231,1
1,0,26,2,30,1,2,50,151.55,NA,NA,NA,135,231,1
1,0,27,1,25,1,2,50,151.55,NA,NA,NA,NA,231,1
1,1,31,2,48,0,0,125,26.55,NA,NA,3,NA,237,1
1,1,46,1,63,1,0,93,77.9583,NA,NA,10,NA,162,1
1,0,47,2,39,0,0,16,0,NA,NA,NA,NA,24,1
1,1,51,1,53,2,0,77,51.4792,NA,NA,NA,NA,22,1
1,0,55,2,71,0,0,826,49.5042,NA,NA,NA,22,229,0
1,0,69,2,47,1,0,834,227.525,NA,NA,NA,124,237,1
1,1,70,1,18,1,0,834,227.525,NA,NA,4,NA,237,1
1,1,73,1,24,0,0,796,69.3,NA,NA,9,NA,258,1
1,1,93,1,26,0,0,119,78.85,NA,NA,6,NA,NA,0
1,1,94,2,80,0,0,297,30,NA,NA,NA,NA,158,1
1,0,98,2,29.8811345124283,0,0,791,25.925,NA,NA,NA,NA,237,0
1,0,99,2,24,0,1,801,247.5208,NA,NA,NA,NA,230,1
1,1,100,1,50,0,1,801,247.5208,NA,NA,6,NA,230,1
1,1,101,1,32,0,0,82,76.2917,NA,NA,8,NA,NA,1
1,0,104,2,36,0,0,89,75.2417,NA,NA,NA,NA,363,1
1,1,111,2,37,1,1,71,52.5542,NA,NA,5,NA,237,1
1,1,112,1,47,1,1,71,52.5542,NA,NA,5,NA,237,1
1,1,114,2,26,0,0,12,30,NA,NA,5,NA,237,1
1,1,121,1,42,0,0,834,227.525,NA,NA,4,NA,NA,0
1,1,123,1,29,0,0,798,221.7792,NA,NA,8,NA,NA,1
1,0,125,2,25,0,0,100,26,NA,NA,NA,148,284,0
1,1,126,2,25,1,0,83,91.0792,NA,NA,7,NA,98,1
1,1,127,1,19,1,0,83,91.0792,NA,NA,7,NA,98,1
1,1,128,1,35,0,0,837,135.6333,NA,NA,8,NA,NA,1
1,1,130,2,28,0,0,6,26.55,NA,NA,NA,NA,312,1
1,0,131,2,45,0,0,52,35.5,NA,NA,NA,NA,340,1
1,1,132,2,40,0,0,22,31,NA,NA,7,NA,131,1
1,1,133,1,30,0,0,627,164.8667,NA,NA,8,NA,368,1
1,1,134,1,58,0,0,51,26.55,NA,NA,8,NA,31,1
1,0,135,2,42,0,0,5,26.55,NA,NA,NA,NA,208,1
1,1,145,1,45,0,0,825,262.375,NA,NA,4,NA,76,0
1,1,148,1,22,0,1,39,55,NA,NA,6,NA,308,1
1,1,151,2,29.8811345124283,0,0,14,26.55,NA,NA,9,NA,215,0
1,0,152,2,41,0,0,33,30.5,NA,NA,NA,NA,268,1
1,0,154,2,48,0,0,809,50.4958,NA,NA,NA,208,249,1
1,0,157,2,29.8811345124283,0,0,25,39.6,NA,NA,NA,NA,264,0
1,1,163,1,44,0,0,827,27.7208,NA,NA,6,NA,92,1
1,1,164,1,59,2,0,77,51.4792,NA,NA,NA,NA,27,1
1,1,170,1,60,0,0,82,76.2917,NA,NA,8,NA,264,1
1,1,172,1,41,0,0,106,134.5,NA,NA,3,NA,NA,1
1,0,176,2,45,0,0,31,26.55,NA,NA,NA,NA,349,1
1,0,183,2,29.8811345124283,0,0,63,31,NA,NA,NA,NA,NA,0
1,1,184,2,42,0,0,795,26.2875,NA,NA,5,NA,237,1
1,1,194,1,53,0,0,823,27.4458,NA,NA,6,NA,349,0
1,1,199,2,36,0,1,832,512.3292,NA,NA,3,NA,15,1
1,1,200,1,58,0,1,832,512.3292,NA,NA,3,NA,128,1
1,0,203,2,33,0,0,689,5,NA,NA,NA,NA,237,1
1,0,206,2,28,0,0,36,47.1,NA,NA,NA,NA,229,0
1,0,207,2,17,0,0,36,47.1,NA,NA,NA,NA,229,0
1,1,208,2,11,1,2,44,120,NA,NA,4,NA,52,1
1,1,209,1,14,1,2,44,120,NA,NA,4,NA,52,1
1,1,210,2,36,1,2,44,120,NA,NA,NA,NA,52,1
1,1,212,1,36,1,2,44,120,NA,NA,4,NA,52,1
1,0,215,2,49,0,0,120,26,NA,NA,NA,NA,9,0
1,1,216,1,29.8811345124283,0,0,118,27.7208,NA,NA,5,NA,237,0
1,0,217,2,36,1,0,119,78.85,NA,NA,NA,172,192,1
1,1,218,1,76,1,0,119,78.85,NA,NA,6,NA,192,1
1,0,220,2,46,1,0,927,61.175,NA,NA,NA,NA,5,1
1,1,221,1,47,1,0,927,61.175,NA,NA,4,NA,5,1
1,1,222,2,27,1,0,68,53.1,NA,NA,5,NA,241,1
1,1,223,1,33,1,0,68,53.1,NA,NA,5,NA,241,1
1,1,228,1,36,0,0,825,262.375,NA,NA,4,NA,NA,1
1,1,229,1,30,0,0,1,86.5,NA,NA,8,NA,212,1
1,1,230,2,45,0,0,812,29.7,NA,NA,7,NA,258,1
1,1,231,1,29.8811345124283,0,1,39,55,NA,NA,6,NA,308,1
1,0,233,2,29.8811345124283,0,0,17,0,NA,NA,NA,NA,195,0
1,0,239,2,27,1,0,95,136.7792,NA,NA,NA,NA,215,1
1,1,240,1,26,1,0,95,136.7792,NA,NA,4,NA,215,1
1,1,243,1,22,0,0,50,151.55,NA,NA,11,NA,NA,0
1,0,244,2,29.8811345124283,0,0,3,52,NA,NA,NA,NA,314,1
1,0,253,2,47,0,0,680,25.5875,NA,NA,NA,NA,346,1
1,1,257,1,39,1,1,833,83.1583,NA,NA,14,NA,189,1
1,0,258,2,37,1,1,833,83.1583,NA,NA,NA,NA,189,1
1,1,259,1,64,0,2,833,83.1583,NA,NA,14,NA,189,1
1,1,272,1,55,2,0,78,25.7,NA,NA,2,NA,237,1
1,0,278,2,29.8811345124283,0,0,58,26.55,NA,NA,NA,NA,275,0
1,0,282,2,70,1,1,929,71,NA,NA,NA,269,227,1
1,1,283,1,36,0,2,929,71,NA,NA,7,NA,227,1
1,1,284,1,64,1,1,26,26.55,NA,NA,7,NA,227,1
1,0,286,2,39,1,0,817,71.2833,NA,NA,NA,NA,237,1
1,1,287,1,38,1,0,817,71.2833,NA,NA,4,NA,237,1
1,1,295,2,51,0,0,34,26.55,NA,NA,NA,NA,191,1
1,1,299,2,27,0,0,67,30.5,NA,NA,3,NA,264,0
1,1,300,1,33,0,0,50,151.55,NA,NA,8,NA,NA,0
1,0,303,2,31,1,0,780,52,NA,NA,NA,NA,230,1
1,1,304,1,27,1,2,780,52,NA,NA,3,NA,230,1
1,1,335,2,31,1,0,114,57,NA,NA,3,NA,58,1
1,1,336,1,17,1,0,114,57,NA,NA,3,NA,58,1
1,1,340,2,53,1,1,399,81.8583,NA,NA,13,NA,284,1
1,1,341,2,4,0,2,399,81.8583,NA,NA,5,NA,284,1
1,1,342,1,54,1,1,399,81.8583,NA,NA,5,NA,284,1
1,0,348,2,50,1,0,838,106.425,NA,NA,NA,62,88,1
1,1,349,1,27,1,1,801,247.5208,NA,NA,6,NA,230,1
1,1,350,1,48,1,0,838,106.425,NA,NA,2,NA,88,1
1,1,360,1,48,1,0,74,39.6,NA,NA,1,NA,206,1
1,1,361,2,49,1,0,799,56.9292,NA,NA,1,NA,206,1
1,0,362,2,39,0,0,805,29.7,NA,NA,NA,133,264,1
1,1,368,1,23,0,1,76,83.1583,NA,NA,7,NA,233,1
1,1,381,1,38,0,0,834,227.525,NA,NA,4,NA,237,1
1,1,382,1,54,1,0,628,78.2667,NA,NA,4,NA,48,1
1,0,383,1,36,0,0,800,31.6792,NA,NA,NA,NA,237,1
1,0,387,2,29.8811345124283,0,0,798,221.7792,NA,NA,NA,NA,NA,1
1,1,393,1,29.8811345124283,0,0,816,31.6833,NA,NA,7,NA,237,0
1,1,395,1,29.8811345124283,0,0,108,110.8833,NA,NA,4,NA,NA,0
1,1,398,2,36,0,0,793,26.3875,NA,NA,5,NA,49,1
1,0,408,2,30,0,0,32,27.75,NA,NA,NA,NA,237,1
1,1,409,1,24,3,2,124,263,NA,NA,10,NA,362,1
1,1,410,1,28,3,2,124,263,NA,NA,10,NA,362,1
1,1,411,1,23,3,2,124,263,NA,NA,10,NA,362,1
1,0,412,2,19,3,2,124,263,NA,NA,NA,NA,362,1
1,0,413,2,64,1,4,124,263,NA,NA,NA,NA,362,1
1,1,414,1,60,1,4,124,263,NA,NA,10,NA,362,1
1,1,417,1,30,0,0,799,56.9292,NA,NA,1,NA,NA,1
1,0,419,2,29.8811345124283,0,0,48,26.55,NA,NA,NA,NA,356,1
1,1,420,2,50,2,0,828,133.65,NA,NA,5,NA,237,0
1,1,421,2,43,1,0,117,27.7208,NA,NA,5,NA,237,1
1,1,422,1,29.8811345124283,1,0,828,133.65,NA,NA,5,NA,237,0
1,1,425,1,22,0,2,98,49.5,NA,NA,5,NA,369,1
1,1,423,2,60,1,1,97,79.2,NA,NA,5,NA,369,1
1,1,424,1,48,1,1,97,79.2,NA,NA,5,NA,369,1
1,0,427,2,29.8811345124283,0,0,20,0,NA,NA,NA,NA,NA,1
1,0,429,2,37,1,0,66,53.1,NA,NA,NA,NA,287,1
1,1,430,1,35,1,0,66,53.1,NA,NA,NA,NA,287,1
1,0,439,2,47,0,0,10,38.5,NA,NA,NA,275,301,1
1,1,440,1,35,0,0,38,211.5,NA,NA,4,NA,NA,1
1,1,442,1,22,0,1,24,59.4,NA,NA,7,NA,237,0
1,1,443,1,45,0,1,24,59.4,NA,NA,7,NA,237,0
1,0,444,2,24,0,0,811,79.2,NA,NA,NA,NA,NA,1
1,1,455,2,49,1,0,109,89.1042,NA,NA,5,NA,259,1
1,1,456,1,29.8811345124283,1,0,109,89.1042,NA,NA,5,NA,259,1
1,0,457,2,71,0,0,831,34.6542,NA,NA,NA,NA,237,1
1,1,471,2,53,0,0,49,28.5,NA,NA,NA,NA,349,1
1,1,472,1,19,0,0,19,30,NA,NA,3,NA,138,1
1,0,473,2,38,0,1,806,153.4625,NA,NA,NA,147,362,1
1,1,474,1,58,0,1,806,153.4625,NA,NA,3,NA,138,1
1,1,477,2,23,0,1,836,63.3583,NA,NA,7,NA,237,1
1,1,478,1,45,0,1,836,63.3583,NA,NA,7,NA,237,1
1,0,481,2,46,0,0,811,79.2,NA,NA,NA,NA,237,1
1,1,502,2,25,1,0,75,55.4417,NA,NA,5,NA,49,1
1,1,503,1,25,1,0,75,55.4417,NA,NA,5,NA,49,1
1,1,507,2,48,1,0,804,76.7292,NA,NA,3,NA,237,1
1,1,508,1,49,1,0,804,76.7292,NA,NA,3,NA,237,1
1,0,510,2,29.8811345124283,0,0,62,42.4,NA,NA,NA,NA,NA,0
1,0,512,2,45,1,0,631,83.475,NA,NA,NA,NA,237,1
1,1,514,1,35,1,0,631,83.475,NA,NA,NA,NA,237,1
1,0,515,2,40,0,0,21,0,NA,NA,NA,110,NA,1
1,1,520,2,27,0,0,804,76.7292,NA,NA,3,NA,NA,1
1,1,522,2,29.8811345124283,0,0,107,30,NA,NA,3,NA,182,1
1,1,523,1,24,0,0,76,83.1583,NA,NA,7,NA,237,1
1,0,524,2,55,1,1,87,93.5,NA,NA,NA,307,230,1
1,1,525,1,52,1,1,87,93.5,NA,NA,3,NA,230,1
1,0,526,2,42,0,0,28,42.5,NA,NA,NA,NA,203,1
1,0,545,2,29.8811345124283,0,0,110,51.8625,NA,NA,NA,NA,40,1
1,0,547,2,55,0,0,686,50,NA,NA,NA,NA,200,1
1,1,548,1,16,0,1,11,57.9792,NA,NA,4,NA,63,1
1,1,549,1,44,0,1,11,57.9792,NA,NA,4,NA,63,1
1,1,557,1,51,1,0,93,77.9583,NA,NA,10,NA,162,1
1,0,562,2,42,1,0,56,52,NA,NA,NA,38,237,0
1,1,563,1,35,1,0,56,52,NA,NA,8,NA,237,0
1,1,564,2,35,0,0,13,26.55,NA,NA,15,NA,169,0
1,1,572,2,38,1,0,122,90,NA,NA,NA,NA,238,1
1,0,573,2,29.8811345124283,0,0,818,30.6958,NA,NA,14,NA,237,0
1,1,574,1,35,1,0,122,90,NA,NA,NA,NA,238,1
1,1,579,1,38,0,0,43,80,NA,NA,6,NA,NA,1
1,0,584,1,50,0,0,813,28.7125,NA,NA,NA,NA,260,1
1,1,585,2,49,0,0,20,0,NA,NA,NA,NA,193,1
1,0,618,2,46,0,0,688,26,NA,NA,NA,80,28,0
1,0,622,2,50,0,0,30,26,NA,NA,NA,NA,197,1
1,0,643,2,32.5,0,0,38,211.5,NA,NA,NA,45,NA,1
1,0,649,2,58,0,0,79,29.7,NA,NA,NA,258,55,1
1,0,650,2,41,1,0,111,51.8625,NA,NA,NA,NA,295,1
1,1,651,1,29.8811345124283,1,0,111,51.8625,NA,NA,8,NA,295,1
1,1,657,2,42,1,0,73,52.5542,NA,NA,5,NA,33,1
1,1,658,1,45,1,0,73,52.5542,NA,NA,5,NA,33,1
1,0,665,2,29.8811345124283,0,0,27,26.55,NA,NA,NA,NA,270,1
1,1,672,1,39,0,0,188,211.3375,NA,NA,2,NA,NA,0
1,1,692,1,49,0,0,112,25.9292,NA,NA,8,NA,237,1
1,1,707,1,30,0,0,838,106.425,NA,NA,2,NA,NA,0
1,1,709,2,35,0,0,832,512.3292,NA,NA,3,NA,NA,1
1,0,711,2,29.8811345124283,0,0,829,27.7208,NA,NA,NA,NA,63,0
1,0,716,2,42,0,0,115,26.55,NA,NA,NA,NA,311,0
1,1,720,1,55,0,0,23,27.7208,NA,NA,6,NA,311,0
1,1,722,1,16,0,1,810,39.4,NA,NA,9,NA,258,1
1,1,723,1,51,0,1,810,39.4,NA,NA,9,NA,258,1
1,0,730,2,29,0,0,37,30,NA,NA,NA,126,299,1
1,1,731,1,21,0,0,93,77.9583,NA,NA,10,NA,162,1
1,0,732,2,30,0,0,65,45.5,NA,NA,NA,NA,205,0
1,1,740,1,58,0,0,803,146.5208,NA,NA,NA,NA,NA,1
1,1,745,1,15,0,1,188,211.3375,NA,NA,2,NA,309,1
1,0,748,2,30,0,0,4,26,NA,NA,NA,NA,45,1
1,1,751,1,16,0,0,1,86.5,NA,NA,8,NA,NA,1
1,1,763,2,29.8811345124283,0,0,80,29.7,NA,NA,7,NA,258,1
1,0,766,2,19,1,0,46,53.1,NA,NA,NA,NA,237,1
1,1,767,1,18,1,0,46,53.1,NA,NA,10,NA,237,1
1,1,772,1,24,0,0,797,49.5042,NA,NA,6,NA,25,1
1,0,773,2,46,0,0,89,75.2417,NA,NA,NA,292,345,1
1,0,775,2,54,0,0,110,51.8625,NA,NA,NA,175,96,1
1,1,784,2,36,0,0,792,26.2875,NA,NA,7,NA,264,1
1,0,801,2,28,1,0,821,82.1708,NA,NA,NA,NA,237,0
1,1,802,1,29.8811345124283,1,0,821,82.1708,NA,NA,6,NA,237,0
1,0,805,2,65,0,0,96,26.55,NA,NA,NA,249,100,1
1,0,807,2,44,2,0,121,90,NA,NA,NA,230,123,1
1,1,808,1,33,1,0,121,90,NA,NA,14,NA,135,1
1,1,809,1,37,1,0,121,90,NA,NA,14,NA,123,1
1,1,815,2,30,1,0,92,57.75,NA,NA,11,NA,237,1
1,0,818,2,55,0,0,54,30.5,NA,NA,NA,NA,230,1
1,0,822,2,47,0,0,62,42.4,NA,NA,NA,NA,349,0
1,0,856,2,37,0,1,814,29.7,NA,NA,NA,NA,49,1
1,1,863,1,31,1,0,574,113.275,NA,NA,6,NA,190,1
1,1,864,1,23,1,0,574,113.275,NA,NA,6,NA,190,1
1,0,865,2,58,0,2,574,113.275,NA,NA,NA,122,190,1
1,1,866,1,19,0,2,72,26.2833,NA,NA,5,NA,237,1
1,0,868,2,64,0,0,687,26,NA,NA,NA,263,175,0
1,1,899,1,39,0,0,835,108.9,NA,NA,8,NA,NA,1
1,1,908,2,29.8811345124283,0,0,781,25.7417,NA,NA,7,NA,258,0
1,1,914,1,22,0,1,40,61.9792,NA,NA,5,NA,273,1
1,0,915,2,65,0,1,40,61.9792,NA,NA,NA,234,273,1
1,0,917,2,28.5,0,0,802,27.7208,NA,NA,NA,189,1,1
1,0,935,2,29.8811345124283,0,0,18,0,NA,NA,NA,NA,23,0
1,0,937,2,45.5,0,0,29,28.5,NA,NA,NA,166,317,1
1,0,942,2,23,0,0,87,93.5,NA,NA,NA,NA,230,1
1,0,947,2,29,1,0,47,66.6,NA,NA,NA,NA,176,1
1,1,948,1,22,1,0,47,66.6,NA,NA,8,NA,176,1
1,0,953,2,18,1,0,835,108.9,NA,NA,NA,NA,219,1
1,1,954,1,17,1,0,835,108.9,NA,NA,8,NA,219,1
1,1,958,1,30,0,0,87,93.5,NA,NA,3,NA,NA,1
1,1,971,2,52,0,0,53,30.5,NA,NA,6,NA,337,1
1,0,982,2,47,0,0,3,52,NA,NA,NA,207,366,1
1,1,983,1,56,0,1,76,83.1583,NA,NA,7,NA,233,1
1,0,996,2,38,0,0,126,0,NA,NA,NA,NA,278,0
1,1,999,2,29.8811345124283,0,0,824,39.6,NA,NA,NA,NA,255,0
1,0,1012,2,22,0,0,837,135.6333,NA,NA,NA,232,NA,0
1,0,1017,2,29.8811345124283,0,0,834,227.525,NA,NA,NA,NA,NA,0
1,1,1018,1,43,0,1,188,211.3375,NA,NA,2,NA,309,1
1,0,1021,2,31,0,0,808,50.4958,NA,NA,NA,NA,340,1
1,1,1024,2,45,0,0,15,26.55,NA,NA,9,NA,237,0
1,0,1026,2,29.8811345124283,0,0,45,50,NA,NA,NA,NA,288,1
1,1,1030,1,33,0,0,830,27.7208,NA,NA,11,NA,258,1
1,0,1031,2,46,0,0,807,79.2,NA,NA,NA,16,237,0
1,0,1032,2,36,0,0,88,40.125,NA,NA,NA,NA,362,1
1,1,1034,1,33,0,0,1,86.5,NA,NA,8,NA,198,1
1,0,1035,2,55,1,0,820,59.4,NA,NA,NA,NA,237,0
1,1,1036,1,54,1,0,820,59.4,NA,NA,6,NA,237,0
1,0,1038,2,33,0,0,57,26.55,NA,NA,NA,109,197,0
1,1,1043,2,13,2,2,825,262.375,NA,NA,4,NA,156,1
1,1,1044,1,18,2,2,825,262.375,NA,NA,4,NA,156,1
1,1,1045,1,21,2,2,825,262.375,NA,NA,4,NA,156,1
1,0,1046,2,61,1,3,825,262.375,NA,NA,NA,NA,156,1
1,1,1047,1,48,1,3,825,262.375,NA,NA,4,NA,156,1
1,1,1051,2,29.8811345124283,0,0,127,30.5,NA,NA,3,NA,221,1
1,1,1066,1,24,0,0,796,69.3,NA,NA,9,NA,NA,1
1,1,1069,2,29.8811345124283,0,0,8,26,NA,NA,1,NA,237,0
1,1,1081,1,35,1,0,92,57.75,NA,NA,11,NA,237,1
1,1,1085,1,30,0,0,63,31,NA,NA,4,NA,NA,0
1,1,1086,2,34,0,0,60,26.55,NA,NA,7,NA,237,0
1,1,1094,1,40,0,0,806,153.4625,NA,NA,3,NA,240,1
1,1,1096,2,35,0,0,794,26.2875,NA,NA,5,NA,309,1
1,0,1097,2,50,1,0,94,55.9,NA,NA,NA,NA,99,1
1,1,1098,1,39,1,0,94,55.9,NA,NA,11,NA,99,1
1,1,1100,2,56,0,0,90,35.5,NA,NA,3,NA,20,1
1,1,1119,2,28,0,0,55,35.5,NA,NA,7,NA,235,1
1,0,1120,2,56,0,0,59,26.55,NA,NA,NA,NA,237,0
1,0,1123,2,56,0,0,116,30.6958,NA,NA,NA,NA,307,1
1,0,1124,2,24,1,0,99,60,NA,NA,NA,NA,163,1
1,0,1125,2,29.8811345124283,0,0,35,26,NA,NA,NA,NA,315,1
1,1,1127,1,18,1,0,99,60,NA,NA,6,NA,163,1
1,1,1129,2,24,1,0,132,82.2667,NA,NA,7,NA,228,1
1,1,1130,1,23,1,0,132,82.2667,NA,NA,7,NA,228,1
1,1,1135,2,6,0,2,106,134.5,NA,NA,3,NA,341,1
1,1,1136,2,45,1,1,106,134.5,NA,NA,3,NA,341,1
1,1,1137,1,40,1,1,106,134.5,NA,NA,3,NA,341,1
1,0,1138,2,57,1,0,803,146.5208,NA,NA,NA,NA,258,1
1,1,1139,1,29.8811345124283,1,0,803,146.5208,NA,NA,6,NA,258,1
1,1,1141,2,32,0,0,91,30.5,NA,NA,3,NA,20,1
1,0,1147,2,62,0,0,42,26.55,NA,NA,NA,NA,360,1
1,1,1148,2,54,1,0,81,55.4417,NA,NA,1,NA,243,1
1,1,1149,1,43,1,0,81,55.4417,NA,NA,5,NA,243,1
1,1,1150,1,52,1,0,628,78.2667,NA,NA,4,NA,155,1
1,0,1151,2,29.8811345124283,0,0,822,27.7208,NA,NA,NA,NA,126,0
1,1,1153,1,62,0,0,43,80,NA,NA,6,NA,64,1
1,0,1158,2,67,1,0,798,221.7792,NA,NA,NA,96,237,1
1,0,1159,1,63,1,0,798,221.7792,NA,NA,NA,NA,237,1
1,0,1166,2,61,0,0,629,32.3208,NA,NA,NA,46,146,1
1,1,1172,1,48,0,0,113,25.9292,NA,NA,8,NA,49,1
1,1,1173,1,18,0,2,2,79.65,NA,NA,8,NA,237,1
1,0,1174,2,52,1,1,2,79.65,NA,NA,NA,NA,237,1
1,1,1175,1,39,1,1,2,79.65,NA,NA,8,NA,237,1
1,1,1176,2,48,1,0,128,52,NA,NA,NA,NA,199,1
1,1,1177,1,29.8811345124283,1,0,128,52,NA,NA,NA,NA,199,1
1,0,1179,2,49,1,1,108,110.8833,NA,NA,NA,NA,155,1
1,1,1180,2,17,0,2,108,110.8833,NA,NA,NA,NA,155,1
1,1,1181,1,39,1,1,108,110.8833,NA,NA,4,NA,155,1
1,1,1189,1,29.8811345124283,0,0,807,79.2,NA,NA,NA,NA,237,0
1,1,1207,2,31,0,0,228,28.5375,NA,NA,7,NA,3,1
1,0,1213,2,40,0,0,819,27.7208,NA,NA,NA,NA,224,0
1,0,1217,2,61,0,0,9,33.5,NA,NA,NA,245,49,1
1,0,1237,2,47,0,0,630,34.0208,NA,NA,NA,NA,101,1
1,1,1238,1,35,0,0,832,512.3292,NA,NA,3,NA,NA,0
1,0,1244,2,64,1,0,7,75.25,NA,NA,NA,NA,270,1
1,1,1245,1,60,1,0,7,75.25,NA,NA,5,NA,270,1
1,0,1251,2,60,0,0,64,26.55,NA,NA,NA,NA,118,0
1,0,1265,2,54,0,1,575,77.2875,NA,NA,NA,NA,51,1
1,0,1266,2,21,0,1,575,77.2875,NA,NA,NA,169,51,1
1,1,1267,1,55,0,0,837,135.6333,NA,NA,8,NA,239,1
1,1,1268,1,31,0,2,627,164.8667,NA,NA,8,NA,368,1
1,0,1269,2,57,1,1,627,164.8667,NA,NA,NA,NA,368,0
1,1,1270,1,45,1,1,627,164.8667,NA,NA,8,NA,368,0
1,0,1272,2,50,1,1,38,211.5,NA,NA,NA,NA,105,1
1,0,1273,2,27,0,2,38,211.5,NA,NA,NA,NA,105,1
1,1,1274,1,50,1,1,38,211.5,NA,NA,4,NA,105,1
1,1,1279,1,21,0,0,61,26.55,NA,NA,NA,NA,99,0
1,0,1283,2,51,0,1,815,61.3792,NA,NA,NA,NA,127,0
1,1,1287,2,21,0,1,815,61.3792,NA,NA,NA,NA,127,0
1,0,1282,2,29.8811345124283,0,0,41,35,NA,NA,NA,NA,212,1
1,1,1288,1,31,0,0,106,134.5,NA,NA,3,NA,NA,1
1,1,1293,2,29.8811345124283,0,0,123,35.5,NA,NA,NA,NA,212,1
1,0,1295,2,62,0,0,69,26.55,NA,NA,NA,NA,148,0
1,1,1298,1,36,0,0,837,135.6333,NA,NA,8,NA,242,1
2,0,7,2,30,1,0,790,24,NA,NA,NA,NA,282,0
2,1,8,1,28,1,0,790,24,NA,NA,10,NA,282,0
2,0,17,2,30,0,0,214,13,NA,NA,NA,NA,53,0
2,0,44,2,18,0,0,151,11.5,NA,NA,NA,NA,54,0
2,0,45,2,25,0,0,766,10.5,NA,NA,NA,NA,85,0
2,0,49,2,34,1,0,143,26,NA,NA,NA,NA,348,0
2,1,50,1,36,1,0,143,26,NA,NA,11,NA,348,0
2,0,56,2,57,0,0,196,13,NA,NA,NA,NA,354,0
2,0,85,2,18,0,0,324,11.5,NA,NA,NA,NA,262,0
2,0,86,2,23,0,0,761,10.5,NA,NA,NA,NA,139,0
2,1,88,1,36,0,0,313,13,NA,NA,10,NA,42,1
2,0,89,2,28,0,0,775,10.5,NA,NA,NA,NA,266,0
2,0,97,2,51,0,0,849,12.525,NA,NA,NA,174,178,0
2,1,102,2,32,1,0,318,26,NA,NA,13,NA,248,0
2,1,103,1,19,1,0,318,26,NA,NA,13,NA,248,0
2,0,105,2,28,0,0,197,26,NA,NA,NA,NA,107,0
2,1,107,2,1,2,1,147,39,NA,NA,11,NA,145,1
2,1,108,1,4,2,1,147,39,NA,NA,11,NA,145,1
2,1,109,1,12,2,1,147,39,NA,NA,13,NA,145,1
2,1,110,1,36,0,3,147,39,NA,NA,11,NA,145,1
2,1,113,2,34,0,0,204,13,NA,NA,13,NA,197,1
2,1,116,1,19,0,0,310,13,NA,NA,12,NA,276,0
2,0,118,2,23,0,0,312,13,NA,NA,NA,NA,304,0
2,0,137,2,26,0,0,171,13,NA,NA,NA,NA,106,0
2,0,147,2,42,0,0,130,13,NA,NA,NA,NA,197,0
2,0,149,2,27,0,0,137,13,NA,NA,NA,NA,188,0
2,1,160,1,24,0,0,210,13,NA,NA,11,NA,204,1
2,1,161,1,15,0,2,326,39,NA,NA,14,NA,60,0
2,0,162,2,60,1,1,326,39,NA,NA,NA,NA,60,0
2,1,165,1,40,1,1,326,39,NA,NA,14,NA,60,0
2,1,166,1,20,1,0,163,26,NA,NA,12,NA,291,0
2,0,167,2,25,1,0,163,26,NA,NA,NA,NA,291,0
2,1,174,1,36,0,0,299,13,NA,NA,9,NA,290,0
2,0,175,2,25,0,0,158,13,NA,NA,NA,97,296,0
2,0,177,2,42,0,0,195,13,NA,NA,NA,NA,197,0
2,1,178,1,42,0,0,162,13,NA,NA,NA,NA,237,0
2,1,185,2,0.8333,0,2,212,29,NA,NA,13,NA,17,0
2,1,186,2,26,1,1,212,29,NA,NA,13,NA,17,0
2,1,187,1,22,1,1,212,29,NA,NA,13,NA,17,0
2,1,190,1,35,0,0,782,21,NA,NA,14,NA,220,0
2,0,191,2,29.8811345124283,0,0,179,0,NA,NA,NA,NA,23,0
2,0,198,2,19,0,0,311,13,NA,NA,NA,18,304,0
2,0,211,1,44,1,0,192,26,NA,NA,NA,NA,197,0
2,0,213,2,54,1,0,192,26,NA,NA,NA,NA,197,0
2,0,224,2,52,0,0,209,13.5,NA,NA,NA,130,47,0
2,0,225,2,37,1,0,856,26,NA,NA,NA,17,84,0
2,0,226,1,29,1,0,856,26,NA,NA,NA,NA,84,0
2,1,235,1,25,1,1,176,30,NA,NA,12,NA,197,0
2,1,236,1,45,0,2,176,30,NA,NA,12,NA,197,0
2,0,241,2,29,1,0,129,26,NA,NA,NA,NA,113,0
2,1,242,1,28,1,0,129,26,NA,NA,14,NA,113,0
2,0,250,2,29,0,0,922,10.5,NA,NA,NA,NA,154,0
2,0,251,2,28,0,0,213,13,NA,NA,NA,NA,157,0
2,1,252,2,24,0,0,301,10.5,NA,NA,9,NA,202,0
2,1,254,1,8,0,2,762,26.25,NA,NA,14,NA,32,0
2,0,255,2,31,1,1,762,26.25,NA,NA,NA,NA,32,0
2,1,256,1,31,1,1,762,26.25,NA,NA,14,NA,32,0
2,1,265,1,22,0,0,923,10.5,NA,NA,14,NA,261,1
2,0,269,1,30,0,0,166,13,NA,NA,NA,NA,274,0
2,0,270,1,29.8811345124283,0,0,785,21,NA,NA,NA,NA,343,0
2,0,273,2,21,0,0,323,11.5,NA,NA,NA,NA,262,0
2,0,288,2,29.8811345124283,0,0,179,0,NA,NA,NA,NA,23,0
2,1,305,2,8,1,1,764,36.75,NA,NA,14,NA,305,0
2,0,307,2,18,0,0,848,73.5,NA,NA,NA,NA,218,0
2,1,311,1,48,0,2,764,36.75,NA,NA,14,NA,305,0
2,1,312,1,28,0,0,170,13,NA,NA,13,NA,207,0
2,0,315,2,32,0,0,198,13,NA,NA,NA,NA,272,0
2,0,320,2,17,0,0,848,73.5,NA,NA,NA,NA,NA,0
2,0,325,2,29,1,0,869,27.7208,NA,NA,NA,295,217,0
2,1,326,1,24,1,0,869,27.7208,NA,NA,12,NA,217,0
2,0,329,2,25,0,0,760,31.5,NA,NA,NA,NA,140,0
2,0,334,2,18,0,0,848,73.5,NA,NA,NA,NA,236,0
2,1,344,1,18,0,1,150,23,NA,NA,NA,NA,293,0
2,1,345,1,34,0,1,150,23,NA,NA,NA,NA,293,0
2,0,352,2,54,0,0,309,26,NA,NA,NA,NA,159,0
2,1,356,2,8,0,2,306,32.5,NA,NA,10,NA,136,0
2,0,357,2,42,1,1,306,32.5,NA,NA,NA,NA,136,0
2,1,358,1,34,1,1,306,32.5,NA,NA,10,NA,136,0
2,1,364,1,27,1,0,865,13.8583,NA,NA,12,NA,18,0
2,1,365,1,30,1,0,864,13.8583,NA,NA,12,NA,18,0
2,0,370,2,23,0,0,327,13,NA,NA,NA,NA,109,0
2,0,380,2,21,0,0,164,13,NA,NA,NA,NA,132,0
2,0,385,2,18,0,0,161,13,NA,NA,NA,NA,251,0
2,0,388,2,40,1,0,325,26,NA,NA,NA,286,111,0
2,1,389,1,29,1,0,325,26,NA,NA,16,NA,NA,0
2,0,390,2,18,0,0,748,10.5,NA,NA,NA,NA,83,0
2,0,416,2,36,0,0,145,13,NA,NA,NA,236,276,0
2,0,426,2,29.8811345124283,0,0,180,0,NA,NA,NA,NA,23,0
2,0,428,1,38,0,0,172,13,NA,NA,NA,NA,179,0
2,0,431,2,35,0,0,183,26,NA,NA,NA,322,194,0
2,0,432,2,38,1,0,314,21,NA,NA,NA,NA,81,0
2,0,433,2,34,1,0,314,21,NA,NA,NA,NA,81,0
2,1,436,1,34,0,0,191,13,NA,NA,12,NA,49,0
2,0,437,2,16,0,0,183,26,NA,NA,NA,NA,194,0
2,0,438,2,26,0,0,341,10.5,NA,NA,NA,NA,140,0
2,0,445,2,47,0,0,758,10.5,NA,NA,NA,NA,78,0
2,0,446,2,21,1,0,302,11.5,NA,NA,NA,NA,80,0
2,0,447,2,21,1,0,303,11.5,NA,NA,NA,NA,80,0
2,0,448,2,24,0,0,207,13.5,NA,NA,NA,297,355,0
2,0,450,2,24,0,0,155,13,NA,NA,NA,155,65,0
2,0,451,2,34,0,0,85,13,NA,NA,NA,NA,345,0
2,0,453,2,30,0,0,219,13,NA,NA,NA,305,NA,0
2,0,476,2,52,0,0,220,13,NA,NA,NA,19,47,0
2,0,492,2,30,0,0,226,13,NA,NA,NA,75,10,0
2,1,493,2,0.6667,1,1,222,14.5,NA,NA,4,NA,93,0
2,1,494,1,24,0,2,222,14.5,NA,NA,4,NA,93,0
2,0,501,2,44,0,0,215,13,NA,NA,NA,35,289,0
2,1,506,1,6,0,1,208,33,NA,NA,11,NA,91,0
2,0,509,2,28,0,1,208,33,NA,NA,NA,NA,91,0
2,1,511,2,62,0,0,851,10.5,NA,NA,15,NA,197,0
2,0,513,2,30,0,0,928,10.5,NA,NA,NA,NA,347,0
2,1,516,1,7,0,2,783,26.25,NA,NA,14,NA,164,0
2,0,517,2,43,1,1,783,26.25,NA,NA,NA,NA,164,0
2,1,519,1,45,1,1,783,26.25,NA,NA,14,NA,164,0
2,1,537,1,24,1,2,139,65,NA,NA,9,NA,292,0
2,1,538,1,24,1,2,139,65,NA,NA,9,NA,292,0
2,0,539,2,49,1,2,139,65,NA,NA,NA,NA,292,0
2,1,540,1,48,1,2,139,65,NA,NA,9,NA,292,0
2,1,541,1,55,0,0,205,16,NA,NA,13,NA,168,0
2,0,542,2,24,2,0,848,73.5,NA,NA,NA,NA,352,0
2,0,543,2,32,2,0,848,73.5,NA,NA,NA,256,352,0
2,0,544,2,21,2,0,848,73.5,NA,NA,NA,NA,352,0
2,0,546,1,18,1,1,223,13,NA,NA,NA,NA,185,0
2,1,552,1,20,2,1,321,23,NA,NA,4,NA,79,0
2,0,553,2,23,2,1,320,11.5,NA,NA,NA,NA,79,0
2,0,554,2,36,0,0,189,13,NA,NA,NA,NA,95,0
2,1,555,1,54,1,3,321,23,NA,NA,4,NA,79,0
2,0,556,2,50,0,0,217,13,NA,NA,NA,149,293,0
2,0,558,2,44,1,0,266,26,NA,NA,NA,NA,112,0
2,1,559,1,29,1,0,266,26,NA,NA,10,NA,112,0
2,0,566,2,21,0,0,848,73.5,NA,NA,NA,NA,236,0
2,1,568,2,42,0,0,177,13,NA,NA,10,NA,336,0
2,0,570,2,63,1,0,186,26,NA,NA,NA,NA,325,0
2,0,571,1,60,1,0,186,26,NA,NA,NA,NA,325,0
2,0,576,2,33,0,0,871,12.275,NA,NA,NA,NA,264,0
2,1,580,1,17,0,0,872,10.5,NA,NA,NA,NA,139,0
2,0,587,2,42,1,0,190,27,NA,NA,NA,NA,197,0
2,1,588,1,24,2,1,190,27,NA,NA,12,NA,197,0
2,0,592,2,47,0,0,169,15,NA,NA,NA,NA,246,0
2,0,593,2,24,2,0,760,31.5,NA,NA,NA,NA,140,0
2,0,594,2,22,2,0,760,31.5,NA,NA,NA,NA,140,0
2,0,595,2,32,0,0,763,10.5,NA,NA,NA,NA,306,0
2,1,600,1,23,0,0,858,13.7917,NA,NA,11,NA,237,1
2,0,628,2,34,1,0,200,26,NA,NA,NA,283,232,0
2,1,629,1,24,1,0,200,26,NA,NA,12,NA,232,0
2,0,634,1,22,0,0,785,21,NA,NA,NA,NA,167,0
2,1,639,1,29.8811345124283,0,0,142,12.35,NA,NA,10,NA,150,1
2,0,641,2,35,0,0,154,12.35,NA,NA,NA,NA,NA,0
2,1,647,1,45,0,0,141,13.5,NA,NA,9,NA,205,0
2,0,664,2,57,0,0,136,12.35,NA,NA,NA,NA,130,0
2,0,669,2,29.8811345124283,0,0,181,0,NA,NA,NA,NA,23,0
2,0,673,2,31,0,0,750,10.5,NA,NA,NA,165,319,0
2,0,675,1,26,1,1,224,26,NA,NA,NA,NA,228,0
2,0,676,2,30,1,1,224,26,NA,NA,NA,NA,228,0
2,0,681,2,29.8811345124283,0,0,184,10.7083,NA,NA,NA,NA,NA,0
2,1,685,1,1,1,2,859,41.5792,NA,NA,14,NA,256,0
2,1,686,1,3,1,2,859,41.5792,NA,NA,14,NA,256,0
2,0,687,2,25,1,2,859,41.5792,NA,NA,NA,NA,256,0
2,1,688,1,22,1,2,859,41.5792,NA,NA,14,NA,256,0
2,1,699,1,17,0,0,853,12,NA,NA,12,NA,30,0
2,1,701,1,29.8811345124283,0,0,208,33,NA,NA,11,NA,201,0
2,1,703,1,34,0,0,767,10.5,NA,NA,14,NA,63,1
2,0,710,2,36,0,0,867,12.875,NA,NA,NA,NA,230,1
2,0,712,2,24,0,0,757,10.5,NA,NA,NA,108,NA,0
2,0,725,2,61,0,0,160,12.35,NA,NA,NA,NA,NA,0
2,0,733,2,50,1,0,857,26,NA,NA,NA,121,358,0
2,1,734,1,42,1,0,857,26,NA,NA,NA,NA,358,0
2,0,742,1,57,0,0,845,10.5,NA,NA,NA,52,294,1
2,0,754,2,29.8811345124283,0,0,174,15.0458,NA,NA,NA,NA,254,1
2,1,755,2,1,0,2,842,37.0042,NA,NA,10,NA,257,0
2,0,756,2,31,1,1,842,37.0042,NA,NA,NA,NA,257,0
2,1,757,1,24,1,1,842,37.0042,NA,NA,10,NA,257,0
2,0,760,2,29.8811345124283,0,0,854,15.5792,NA,NA,NA,NA,237,0
2,0,770,2,30,0,0,308,13,NA,NA,NA,NA,302,0
2,0,771,2,40,0,0,178,16,NA,NA,NA,NA,357,0
2,0,780,2,32,0,0,165,13.5,NA,NA,NA,209,326,0
2,0,781,2,30,0,0,152,13,NA,NA,NA,NA,285,0
2,0,788,2,46,0,0,309,26,NA,NA,NA,NA,276,0
2,1,795,1,13,0,1,218,19.5,NA,NA,14,NA,108,0
2,1,796,1,41,0,1,218,19.5,NA,NA,14,NA,108,0
2,1,797,2,19,0,0,919,10.5,NA,NA,NA,NA,62,0
2,0,800,2,39,0,0,206,13,NA,NA,NA,NA,151,0
2,0,806,2,48,0,0,156,13,NA,NA,NA,271,77,0
2,0,813,2,70,0,0,753,10.5,NA,NA,NA,NA,141,0
2,0,819,2,27,0,0,131,13,NA,NA,NA,NA,366,0
2,0,827,2,54,0,0,317,14,NA,NA,NA,NA,125,0
2,0,828,2,39,0,0,227,26,NA,NA,NA,NA,NA,0
2,0,837,2,16,0,0,845,10.5,NA,NA,NA,NA,147,0
2,0,845,2,62,0,0,185,9.6875,NA,NA,NA,NA,59,0
2,0,854,2,32.5,1,0,175,30.0708,NA,NA,NA,43,237,0
2,1,855,1,14,1,0,175,30.0708,NA,NA,NA,NA,237,0
2,1,858,2,2,1,1,146,26,NA,NA,NA,NA,244,1
2,1,859,2,3,1,1,146,26,NA,NA,NA,NA,244,1
2,0,860,2,36.5,0,2,146,26,NA,NA,NA,15,244,1
2,0,862,2,26,0,0,201,13,NA,NA,NA,NA,33,1
2,0,867,2,19,1,1,764,36.75,NA,NA,NA,101,82,0
2,0,878,2,28,0,0,135,13.5,NA,NA,NA,287,129,0
2,1,880,2,20,0,0,868,13.8625,NA,NA,7,NA,74,1
2,1,882,1,29,0,0,756,10.5,NA,NA,11,NA,122,1
2,0,916,2,39,0,0,305,13,NA,NA,NA,NA,225,0
2,1,918,2,22,0,0,921,10.5,NA,NA,13,NA,269,0
2,1,919,2,29.8811345124283,0,0,862,13.8625,NA,NA,9,NA,298,0
2,0,920,2,23,0,0,194,10.5,NA,NA,NA,NA,149,0
2,1,921,2,29,0,0,863,13.8583,NA,NA,9,NA,298,0
2,0,933,2,28,0,0,852,10.5,NA,NA,NA,NA,300,0
2,0,934,2,29.8811345124283,0,0,179,0,NA,NA,NA,NA,23,0
2,1,936,1,50,0,1,148,26,NA,NA,12,NA,364,0
2,0,955,2,19,0,0,315,10.5,NA,NA,NA,NA,144,0
2,0,957,2,29.8811345124283,0,0,860,15.05,NA,NA,NA,NA,NA,0
2,0,960,2,41,0,0,167,13,NA,NA,NA,NA,NA,0
2,1,972,1,21,0,1,843,21,NA,NA,12,NA,165,0
2,1,973,1,19,0,0,227,26,NA,NA,11,NA,365,0
2,0,974,2,43,0,1,843,21,NA,NA,NA,NA,165,0
2,1,976,1,32,0,0,157,13,NA,NA,9,NA,281,0
2,0,980,2,34,0,0,220,13,NA,NA,NA,NA,90,0
2,1,981,2,30,0,0,768,12.7375,NA,NA,14,NA,226,0
2,0,984,2,27,0,0,870,15.0333,NA,NA,NA,NA,254,0
2,1,985,1,2,1,1,240,26,NA,NA,11,NA,265,0
2,1,986,1,8,1,1,240,26,NA,NA,11,NA,265,0
2,1,987,1,33,0,2,240,26,NA,NA,11,NA,265,0
2,0,992,2,36,0,0,749,10.5,NA,NA,NA,NA,41,0
2,0,994,2,34,1,0,340,21,NA,NA,12,NA,104,0
2,1,995,1,30,3,0,340,21,NA,NA,NA,NA,104,0
2,1,997,1,28,0,0,149,13,NA,NA,9,NA,297,0
2,0,1006,2,23,0,0,861,15.0458,NA,NA,NA,NA,257,0
2,1,1007,2,0.8333,1,1,322,18.75,NA,NA,4,NA,79,0
2,1,1008,2,3,1,1,322,18.75,NA,NA,4,NA,79,0
2,1,1009,1,24,2,3,322,18.75,NA,NA,4,NA,79,0
2,1,1010,1,50,0,0,920,10.5,NA,NA,13,NA,213,0
2,0,1022,2,19,0,0,300,10.5,NA,NA,NA,NA,NA,0
2,1,1039,1,21,0,0,759,10.5,NA,NA,12,NA,142,0
2,0,1082,2,26,0,0,203,13,NA,NA,NA,NA,243,0
2,0,1084,2,25,0,0,199,13,NA,NA,NA,NA,193,0
2,0,1087,2,27,0,0,197,26,NA,NA,NA,NA,161,0
2,1,1091,1,25,0,1,148,26,NA,NA,12,NA,89,0
2,1,1095,1,18,0,2,225,13,NA,NA,16,NA,119,0
2,1,1101,1,20,0,0,764,36.75,NA,NA,11,NA,82,0
2,1,1102,1,30,0,0,221,13,NA,NA,10,NA,120,0
2,0,1108,2,59,0,0,168,13.5,NA,NA,NA,NA,286,0
2,1,1116,1,30,0,0,159,12.35,NA,NA,13,NA,148,0
2,0,1117,2,35,0,0,304,10.5,NA,NA,NA,NA,78,0
2,1,1122,1,40,0,0,345,13,NA,NA,9,NA,NA,0
2,0,1131,2,25,0,0,755,13,NA,NA,NA,NA,83,0
2,0,1146,2,41,0,0,173,15.0458,NA,NA,NA,NA,237,0
2,0,1152,2,25,0,0,786,10.5,NA,NA,NA,81,61,0
2,0,1170,2,18.5,0,0,211,13,NA,NA,NA,294,NA,1
2,0,1171,2,14,0,0,139,65,NA,NA,NA,NA,292,0
2,1,1196,1,50,0,0,784,10.5,NA,NA,9,NA,169,0
2,0,1204,2,23,0,0,153,13,NA,NA,NA,NA,NA,0
2,1,1205,1,28,0,0,187,12.65,NA,NA,NA,NA,75,0
2,1,1206,1,27,0,0,404,10.5,NA,NA,16,NA,21,1
2,0,1211,2,29,1,0,70,21,NA,NA,NA,NA,267,0
2,0,1212,1,27,1,0,70,21,NA,NA,NA,NA,267,0
2,0,1231,2,40,0,0,307,13,NA,NA,NA,NA,19,0
2,1,1236,1,31,0,0,782,21,NA,NA,14,NA,220,0
2,0,1240,2,30,1,0,777,21,NA,NA,NA,NA,43,0
2,0,1241,2,23,1,0,316,10.5,NA,NA,NA,NA,NA,0
2,1,1242,1,31,0,0,777,21,NA,NA,10,NA,43,0
2,0,1246,2,29.8811345124283,0,0,182,0,NA,NA,NA,NA,23,0
2,1,1247,1,12,0,0,765,15.75,NA,NA,9,NA,2,0
2,1,1248,1,40,0,0,765,15.75,NA,NA,9,NA,2,0
2,1,1249,1,32.5,0,0,298,13,NA,NA,12,NA,110,1
2,0,1252,2,27,1,0,144,26,NA,NA,NA,293,46,0
2,1,1253,1,29,1,0,144,26,NA,NA,10,NA,46,0
2,1,1254,2,2,1,1,319,23,NA,NA,14,NA,79,0
2,1,1255,1,4,1,1,319,23,NA,NA,14,NA,79,0
2,1,1256,1,29,0,2,319,23,NA,NA,14,NA,79,0
2,1,1258,1,0.9167,1,2,769,27.75,NA,NA,10,NA,36,0
2,1,1259,1,5,1,2,769,27.75,NA,NA,10,NA,36,0
2,0,1260,2,36,1,2,769,27.75,NA,NA,NA,NA,36,0
2,1,1261,1,33,1,2,769,27.75,NA,NA,10,NA,36,0
2,0,1263,2,66,0,0,752,10.5,NA,NA,NA,NA,143,0
2,0,1264,2,29.8811345124283,0,0,866,12.875,NA,NA,NA,NA,NA,0
2,1,1277,2,31,0,0,193,13,NA,NA,9,NA,212,0
2,1,1284,2,29.8811345124283,0,0,202,13,NA,NA,14,NA,152,0
2,1,1294,1,26,0,0,138,13.5,NA,NA,9,NA,367,0
2,0,1302,1,24,0,0,216,13,NA,NA,NA,NA,254,0
3,0,1,2,42,0,0,773,7.55,NA,NA,NA,NA,NA,0
3,0,2,2,13,0,2,754,20.25,NA,NA,NA,NA,102,0
3,0,3,2,16,1,1,754,20.25,NA,NA,NA,190,102,0
3,1,4,1,35,1,1,754,20.25,NA,NA,NA,NA,102,0
3,1,5,1,16,0,0,484,7.65,NA,NA,16,NA,247,0
3,1,6,2,25,0,0,481,7.65,NA,NA,NA,NA,263,1
3,1,9,2,20,0,0,888,7.925,NA,NA,15,NA,333,0
3,1,10,1,18,0,0,252,7.2292,NA,NA,NA,NA,137,0
3,0,11,2,30,0,0,746,7.25,NA,NA,NA,72,8,0
3,0,12,2,26,0,0,403,8.05,NA,NA,NA,103,34,0
3,0,13,1,40,1,0,696,9.475,NA,NA,NA,NA,320,0
3,1,14,2,0.8333,0,1,667,9.35,NA,NA,11,NA,214,0
3,1,15,1,18,0,1,667,9.35,NA,NA,13,NA,214,0
3,1,16,2,26,0,0,295,18.7875,NA,NA,15,NA,328,0
3,0,18,2,26,0,0,469,7.8875,NA,NA,NA,NA,114,0
3,0,19,2,20,0,0,889,7.925,NA,NA,NA,NA,283,0
3,0,20,2,24,0,0,881,7.05,NA,NA,NA,NA,NA,0
3,0,21,2,25,0,0,882,7.05,NA,NA,NA,79,7,0
3,0,23,2,35,0,0,650,8.05,NA,NA,NA,NA,216,0
3,0,28,2,18,0,0,140,8.3,NA,NA,NA,259,361,0
3,0,30,2,32,0,0,744,22.525,NA,NA,NA,260,29,0
3,1,29,1,19,1,0,556,7.8542,NA,NA,16,NA,NA,0
3,0,32,2,4,4,2,460,31.275,NA,NA,NA,NA,323,0
3,0,33,1,6,4,2,460,31.275,NA,NA,NA,NA,323,0
3,0,34,1,2,4,2,460,31.275,NA,NA,NA,NA,323,0
3,1,35,1,17,4,2,335,7.925,NA,NA,NA,NA,279,0
3,0,36,1,38,4,2,468,7.775,NA,NA,NA,NA,344,0
3,0,37,1,9,4,2,460,31.275,NA,NA,NA,NA,323,0
3,0,38,1,11,4,2,460,31.275,NA,NA,NA,NA,323,0
3,0,39,2,39,1,5,460,31.275,NA,NA,NA,NA,323,0
3,1,40,2,27,0,0,554,7.7958,NA,NA,NA,NA,NA,0
3,0,41,2,26,0,0,453,7.775,NA,NA,NA,NA,153,0
3,0,42,1,39,1,5,460,31.275,NA,NA,NA,NA,323,0
3,0,43,2,20,0,0,472,7.8542,NA,NA,NA,NA,321,0
3,0,48,2,26,0,0,486,7.8958,NA,NA,NA,NA,56,0
3,0,52,2,25,1,0,521,17.8,NA,NA,NA,NA,4,0
3,0,53,1,18,1,0,521,17.8,NA,NA,NA,NA,4,0
3,0,54,2,24,0,0,544,7.775,NA,NA,NA,NA,322,0
3,0,57,2,35,0,0,880,7.05,NA,NA,NA,NA,NA,0
3,0,58,2,5,4,2,455,31.3875,NA,NA,NA,NA,318,0
3,0,59,2,9,4,2,455,31.3875,NA,NA,NA,NA,324,0
3,1,60,2,3,4,2,455,31.3875,NA,NA,15,NA,324,0
3,0,61,2,13,4,2,455,31.3875,NA,NA,NA,NA,324,0
3,1,62,1,5,4,2,455,31.3875,NA,NA,15,NA,324,0
3,0,63,2,40,1,5,455,31.3875,NA,NA,NA,142,318,0
3,1,64,2,23,0,0,562,7.7958,NA,NA,13,NA,250,0
3,1,65,1,38,1,5,455,31.3875,NA,NA,15,NA,318,0
3,1,66,1,45,0,0,292,7.225,NA,NA,NA,NA,253,0
3,0,67,2,21,0,0,288,7.225,NA,NA,NA,NA,253,0
3,0,68,2,23,0,0,879,7.05,NA,NA,NA,NA,NA,0
3,0,71,1,17,0,0,236,14.4583,NA,NA,NA,NA,NA,0
3,0,72,2,30,0,0,290,7.225,NA,NA,NA,NA,253,0
3,0,74,2,23,0,0,474,7.8542,NA,NA,NA,NA,186,0
3,1,75,1,13,0,0,283,7.2292,NA,NA,NA,NA,332,0
3,0,76,2,20,0,0,275,7.225,NA,NA,NA,NA,NA,0
3,0,77,2,32,1,0,334,15.85,NA,NA,NA,NA,280,0
3,1,78,1,33,3,0,334,15.85,NA,NA,NA,NA,280,0
3,1,79,1,0.75,2,1,261,19.2583,NA,NA,NA,NA,330,0
3,1,80,1,0.75,2,1,261,19.2583,NA,NA,NA,NA,330,0
3,1,81,1,5,2,1,261,19.2583,NA,NA,NA,NA,330,0
3,1,82,1,24,0,3,261,19.2583,NA,NA,NA,NA,330,0
3,1,83,1,18,0,0,713,8.05,NA,NA,NA,NA,211,0
3,0,84,2,40,0,0,232,7.225,NA,NA,NA,NA,NA,0
3,0,87,2,26,0,0,532,7.8958,NA,NA,NA,NA,NA,0
3,1,90,2,20,0,0,258,7.2292,NA,NA,15,NA,NA,0
3,0,91,1,18,0,1,287,14.4542,NA,NA,NA,NA,331,0
3,0,92,1,45,0,1,287,14.4542,NA,NA,NA,NA,331,0
3,0,95,1,27,0,0,373,7.8792,NA,NA,NA,NA,237,0
3,0,96,2,22,0,0,371,8.05,NA,NA,NA,NA,116,0
3,0,106,2,19,0,0,370,8.05,NA,NA,NA,NA,107,0
3,0,115,2,26,0,0,446,7.775,NA,NA,NA,NA,187,0
3,0,117,2,22,0,0,839,9.35,NA,NA,NA,NA,338,0
3,0,119,2,29.8811345124283,0,0,231,7.2292,NA,NA,NA,NA,NA,0
3,0,120,2,20,0,0,243,4.0125,NA,NA,NA,NA,327,0
3,1,122,2,32,0,0,105,56.4958,NA,NA,NA,NA,160,0
3,0,124,2,21,0,0,343,7.775,NA,NA,NA,NA,37,0
3,0,129,2,18,0,0,467,7.75,NA,NA,NA,NA,313,0
3,0,136,2,26,0,0,508,7.8958,NA,NA,NA,NA,56,0
3,0,138,2,6,1,1,274,15.2458,NA,NA,NA,NA,329,0
3,0,139,1,9,1,1,274,15.2458,NA,NA,NA,NA,329,0
3,0,140,2,29.8811345124283,0,0,259,7.225,NA,NA,NA,NA,327,0
3,0,141,1,29.8811345124283,0,2,274,15.2458,NA,NA,NA,NA,329,0
3,0,142,1,29.8811345124283,0,2,596,7.75,NA,NA,NA,NA,172,0
3,0,143,2,40,1,1,597,15.5,NA,NA,NA,NA,172,0
3,0,144,1,32,1,1,597,15.5,NA,NA,NA,NA,172,0
3,0,146,2,21,0,0,679,16.1,NA,NA,NA,NA,339,0
3,1,150,1,22,0,0,394,7.725,NA,NA,13,NA,183,0
3,0,153,1,20,0,0,477,7.8542,NA,NA,NA,NA,222,0
3,0,155,2,29,1,0,435,7.0458,NA,NA,NA,NA,38,0
3,0,156,2,22,1,0,721,7.25,NA,NA,NA,NA,38,0
3,0,158,2,22,0,0,555,7.7958,NA,NA,NA,NA,324,0
3,0,159,2,35,0,0,593,8.05,NA,NA,NA,NA,50,0
3,0,168,1,18.5,0,0,372,7.2833,NA,NA,NA,299,69,0
3,1,169,2,21,0,0,379,7.8208,NA,NA,13,NA,184,0
3,0,171,2,19,0,0,603,6.75,NA,NA,NA,NA,68,0
3,0,173,1,18,0,0,387,7.8792,NA,NA,NA,NA,73,0
3,0,179,1,21,0,0,352,8.6625,NA,NA,NA,NA,NA,0
3,0,180,1,30,0,0,349,8.6625,NA,NA,NA,NA,NA,0
3,0,181,2,18,0,0,356,8.6625,NA,NA,NA,NA,NA,0
3,0,182,2,38,0,0,354,8.6625,NA,NA,NA,NA,86,0
3,0,188,2,17,0,0,358,8.6625,NA,NA,NA,NA,NA,0
3,0,189,2,17,0,0,351,8.6625,NA,NA,NA,NA,NA,0
3,0,192,1,21,0,0,595,7.75,NA,NA,NA,NA,NA,0
3,0,193,2,21,0,0,601,7.75,NA,NA,NA,NA,174,0
3,0,195,2,21,0,0,707,8.05,NA,NA,NA,NA,NA,0
3,0,196,2,29.8811345124283,1,0,285,14.4583,NA,NA,NA,NA,253,0
3,0,197,1,29.8811345124283,1,0,285,14.4583,NA,NA,NA,NA,253,0
3,0,201,2,28,0,0,553,7.7958,NA,NA,NA,NA,87,0
3,0,202,2,24,0,0,570,7.8542,NA,NA,NA,NA,133,0
3,1,204,1,16,0,0,614,7.75,NA,NA,16,NA,71,0
3,0,205,1,37,0,0,618,7.75,NA,NA,NA,NA,72,0
3,0,214,2,28,0,0,669,7.25,NA,NA,NA,NA,303,0
3,0,219,2,24,0,0,412,8.05,NA,NA,NA,NA,197,0
3,0,227,2,21,0,0,733,7.7333,NA,NA,NA,NA,173,0
3,1,232,2,32,0,0,105,56.4958,NA,NA,NA,NA,160,0
3,0,234,2,29,0,0,413,8.05,NA,NA,NA,NA,NA,0
3,0,237,2,26,1,0,276,14.4542,NA,NA,NA,NA,134,0
3,0,238,2,18,1,0,276,14.4542,NA,NA,NA,NA,134,0
3,0,245,2,20,0,0,877,7.05,NA,NA,NA,NA,271,0
3,1,246,2,18,0,0,729,8.05,NA,NA,12,NA,209,0
3,0,247,2,24,0,0,646,7.25,NA,NA,NA,NA,70,0
3,0,248,2,36,0,0,494,7.4958,NA,NA,NA,NA,56,0
3,0,249,2,24,0,0,493,7.4958,NA,NA,NA,NA,NA,0
3,0,260,2,31,0,0,133,7.7333,NA,NA,NA,NA,264,0
3,0,261,2,31,0,0,396,7.75,NA,NA,NA,NA,171,0
3,1,262,1,22,0,0,640,7.75,NA,NA,13,NA,170,0
3,0,262,1,30,0,0,390,7.6292,NA,NA,NA,NA,170,0
3,0,263,2,70.5,0,0,636,7.75,NA,NA,NA,171,NA,0
3,0,264,2,43,0,0,728,8.05,NA,NA,NA,NA,NA,0
3,0,266,2,35,0,0,514,7.8958,NA,NA,NA,NA,13,0
3,0,267,2,27,0,0,513,7.8958,NA,NA,NA,NA,13,0
3,0,268,2,19,0,0,515,7.8958,NA,NA,NA,NA,13,0
3,0,271,2,30,0,0,897,8.05,NA,NA,NA,NA,197,0
3,1,274,2,9,1,1,770,15.9,NA,NA,2,NA,115,0
3,1,275,2,3,1,1,770,15.9,NA,NA,2,NA,115,0
3,1,276,1,36,0,2,770,15.9,NA,NA,2,NA,115,0
3,0,277,2,59,0,0,590,7.25,NA,NA,NA,NA,223,0
3,0,279,2,19,0,0,850,8.1583,NA,NA,NA,NA,44,0
3,1,280,1,17,0,1,648,16.1,NA,NA,12,NA,35,0
3,0,281,2,44,0,1,648,16.1,NA,NA,NA,NA,35,0
3,0,285,2,17,0,0,355,8.6625,NA,NA,NA,NA,14,0
3,0,289,2,22.5,0,0,294,7.225,NA,NA,NA,9,NA,0
3,1,290,2,45,0,0,700,8.05,NA,NA,15,NA,12,0
3,0,291,1,22,0,0,698,10.5167,NA,NA,NA,NA,245,0
3,0,292,2,19,0,0,512,10.1708,NA,NA,NA,NA,13,0
3,1,293,1,30,0,0,658,6.95,NA,NA,15,NA,66,0
3,1,294,2,29,0,0,659,7.75,NA,NA,NA,NA,66,0
3,0,296,2,0.3333,0,2,458,14.4,NA,NA,NA,NA,310,0
3,0,297,2,34,1,1,458,14.4,NA,NA,NA,197,310,0
3,0,298,1,28,1,1,458,14.4,NA,NA,NA,NA,310,0
3,0,301,2,27,0,0,503,7.8958,NA,NA,NA,NA,56,0
3,0,302,2,25,0,0,487,7.8958,NA,NA,NA,NA,56,0
3,0,306,2,24,2,0,715,24.15,NA,NA,NA,NA,351,0
3,0,308,2,22,0,0,855,8.05,NA,NA,NA,NA,NA,0
3,0,309,2,21,2,0,715,24.15,NA,NA,NA,NA,351,0
3,0,310,2,17,2,0,716,8.05,NA,NA,NA,NA,351,0
3,0,313,2,29.8811345124283,1,0,666,16.1,NA,NA,NA,NA,196,0
3,1,314,1,29.8811345124283,1,0,666,16.1,NA,NA,16,NA,196,0
3,1,316,2,36.5,1,0,417,17.4,NA,NA,15,NA,334,0
3,1,317,1,36,1,0,417,17.4,NA,NA,13,NA,334,0
3,1,318,2,30,0,0,427,9.5,NA,NA,11,NA,26,0
3,0,319,2,16,0,0,430,9.5,NA,NA,NA,NA,NA,0
3,1,321,2,1,1,2,751,20.575,NA,NA,10,NA,94,0
3,1,322,1,0.1667,1,2,751,20.575,NA,NA,10,NA,94,0
3,0,323,2,26,1,2,751,20.575,NA,NA,NA,NA,94,0
3,1,324,1,33,1,2,751,20.575,NA,NA,10,NA,94,0
3,0,327,2,25,0,0,534,7.8958,NA,NA,NA,NA,NA,0
3,0,328,2,29.8811345124283,0,0,522,7.8958,NA,NA,NA,NA,NA,0
3,0,330,2,29.8811345124283,0,0,509,7.8958,NA,NA,NA,NA,57,0
3,0,331,2,22,0,0,722,7.25,NA,NA,NA,NA,NA,0
3,0,332,2,36,0,0,725,7.25,NA,NA,NA,NA,NA,0
3,1,333,1,19,0,0,385,7.8792,NA,NA,NA,NA,181,0
3,0,337,2,17,0,0,516,7.8958,NA,NA,NA,NA,NA,0
3,0,338,2,42,0,0,353,8.6625,NA,NA,NA,NA,NA,0
3,0,339,2,43,0,0,510,7.8958,NA,NA,NA,NA,NA,0
3,0,343,2,29.8811345124283,0,0,282,7.2292,NA,NA,NA,NA,NA,0
3,0,346,2,32,0,0,643,7.75,NA,NA,NA,NA,173,0
3,1,347,2,19,0,0,732,8.05,NA,NA,NA,NA,117,0
3,1,351,1,30,0,0,594,12.475,NA,NA,13,NA,342,0
3,0,353,1,24,0,0,624,7.75,NA,NA,NA,NA,173,0
3,1,354,1,23,0,0,894,8.05,NA,NA,NA,NA,210,0
3,0,355,2,33,0,0,525,7.8958,NA,NA,NA,51,16,0
3,0,359,2,65,0,0,400,7.75,NA,NA,NA,NA,NA,0
3,1,363,2,24,0,0,847,7.55,NA,NA,NA,NA,114,0
3,0,366,2,23,1,0,450,13.9,NA,NA,NA,NA,353,0
3,1,367,1,22,1,0,450,13.9,NA,NA,16,NA,353,0
3,0,369,2,18,0,0,545,7.775,NA,NA,NA,NA,335,0
3,0,371,2,16,0,0,452,7.775,NA,NA,NA,NA,180,0
3,0,372,2,45,0,0,439,6.975,NA,NA,NA,NA,103,0
3,0,373,2,29.8811345124283,0,0,270,7.225,NA,NA,NA,NA,NA,0
3,0,374,2,39,0,2,271,7.2292,NA,NA,NA,NA,331,0
3,0,375,2,17,1,1,286,7.2292,NA,NA,NA,NA,NA,0
3,0,376,2,15,1,1,291,7.2292,NA,NA,NA,NA,327,0
3,0,377,2,47,0,0,731,7.25,NA,NA,NA,NA,166,0
3,1,378,1,5,0,0,594,12.475,NA,NA,13,NA,237,0
3,0,379,2,29.8811345124283,0,0,239,7.225,NA,NA,NA,NA,NA,0
3,0,384,2,40.5,0,0,774,15.1,NA,NA,NA,187,NA,0
3,0,386,2,40.5,0,0,615,7.75,NA,NA,NA,68,11,0
3,1,391,2,29.8811345124283,0,0,878,7.05,NA,NA,15,NA,177,0
3,0,392,2,18,0,0,552,7.7958,NA,NA,NA,NA,NA,0
3,0,394,1,29.8811345124283,0,0,602,7.75,NA,NA,NA,NA,NA,0
3,0,396,2,29.8811345124283,0,0,599,7.75,NA,NA,NA,NA,NA,0
3,0,397,2,29.8811345124283,0,0,617,6.95,NA,NA,NA,NA,NA,0
3,0,399,2,26,0,0,376,7.8792,NA,NA,NA,NA,172,0
3,0,400,2,29.8811345124283,0,0,605,7.75,NA,NA,NA,NA,170,0
3,1,401,2,29.8811345124283,0,0,105,56.4958,NA,NA,13,NA,160,0
3,0,402,1,21,2,2,925,34.375,NA,NA,NA,NA,277,0
3,0,403,1,9,2,2,925,34.375,NA,NA,NA,NA,277,0
3,0,404,2,29.8811345124283,0,0,720,8.05,NA,NA,NA,NA,39,0
3,0,405,2,18,2,2,925,34.375,NA,NA,NA,NA,277,0
3,0,406,2,16,1,3,925,34.375,NA,NA,NA,NA,277,0
3,0,407,1,48,1,3,925,34.375,NA,NA,NA,NA,277,0
3,0,415,2,29.8811345124283,0,0,620,7.75,NA,NA,NA,NA,173,0
3,0,418,2,29.8811345124283,0,0,883,7.25,NA,NA,NA,NA,NA,0
3,0,434,2,25,0,0,621,7.7417,NA,NA,NA,NA,237,0
3,0,435,2,29.8811345124283,0,0,578,14.5,NA,NA,NA,NA,NA,0
3,0,441,2,29.8811345124283,0,0,538,7.8958,NA,NA,NA,NA,NA,0
3,0,449,2,22,0,0,104,8.05,NA,NA,NA,47,NA,0
3,1,452,1,16,0,0,576,7.7333,NA,NA,16,NA,71,0
3,1,454,1,29.8811345124283,0,0,398,7.75,NA,NA,13,NA,67,0
3,1,458,2,9,0,2,584,20.525,NA,NA,NA,NA,316,0
3,0,459,2,33,1,1,584,20.525,NA,NA,NA,NA,316,0
3,0,460,2,41,0,0,874,7.85,NA,NA,NA,NA,264,0
3,1,461,1,31,1,1,584,20.525,NA,NA,NA,NA,316,0
3,0,462,2,38,0,0,876,7.05,NA,NA,NA,NA,271,0
3,0,463,2,9,5,2,776,46.9,NA,NA,NA,NA,359,0
3,0,464,2,1,5,2,776,46.9,NA,NA,NA,NA,359,0
3,0,465,2,11,5,2,776,46.9,NA,NA,NA,NA,359,0
3,0,466,1,10,5,2,776,46.9,NA,NA,NA,NA,359,0
3,0,467,1,16,5,2,776,46.9,NA,NA,NA,NA,359,0
3,0,468,2,14,5,2,776,46.9,NA,NA,NA,NA,359,0
3,0,469,2,40,1,6,776,46.9,NA,NA,NA,NA,359,0
3,0,470,1,43,1,6,776,46.9,NA,NA,NA,NA,359,0
3,0,475,2,51,0,0,134,8.05,NA,NA,NA,NA,97,0
3,0,479,2,32,0,0,702,8.3625,NA,NA,NA,NA,124,0
3,0,480,2,29.8811345124283,0,0,654,8.05,NA,NA,NA,NA,NA,0
3,0,482,2,20,0,0,692,9.8458,NA,NA,NA,NA,350,0
3,0,483,2,37,2,0,332,7.925,NA,NA,NA,98,280,0
3,0,484,2,28,2,0,333,7.925,NA,NA,NA,NA,280,0
3,0,485,2,19,0,0,447,7.775,NA,NA,NA,NA,234,0
3,0,486,1,24,0,0,520,8.85,NA,NA,NA,NA,NA,0
3,0,487,1,17,0,0,740,7.7333,NA,NA,NA,NA,NA,0
3,0,488,2,29.8811345124283,1,0,681,19.9667,NA,NA,NA,NA,NA,0
3,0,489,2,29.8811345124283,1,0,682,19.9667,NA,NA,NA,NA,NA,0
3,0,490,2,28,1,0,914,15.85,NA,NA,NA,NA,NA,0
3,1,491,1,24,1,0,914,15.85,NA,NA,15,NA,NA,0
3,0,495,2,20,0,0,423,9.5,NA,NA,NA,NA,NA,0
3,0,496,2,23.5,0,0,289,7.2292,NA,NA,NA,188,NA,0
3,0,497,2,41,2,0,547,14.1083,NA,NA,NA,NA,NA,0
3,0,498,2,26,1,0,546,7.8542,NA,NA,NA,NA,NA,0
3,0,499,2,21,0,0,548,7.8542,NA,NA,NA,69,NA,0
3,1,500,1,45,1,0,547,14.1083,NA,NA,11,NA,NA,0
3,0,504,1,29.8811345124283,0,0,926,7.55,NA,NA,NA,NA,NA,0
3,0,505,2,25,0,0,652,7.25,NA,NA,NA,NA,NA,0
3,0,518,2,29.8811345124283,0,0,671,6.8583,NA,NA,NA,NA,NA,0
3,0,521,2,11,0,0,295,18.7875,NA,NA,NA,NA,NA,0
3,1,527,1,29.8811345124283,0,0,642,7.75,NA,NA,16,NA,NA,0
3,1,528,2,27,0,0,466,6.975,NA,NA,15,NA,NA,0
3,1,529,2,29.8811345124283,0,0,105,56.4958,NA,NA,NA,NA,NA,0
3,0,530,1,18,0,0,604,6.75,NA,NA,NA,NA,NA,0
3,1,531,1,26,0,0,915,7.925,NA,NA,NA,NA,NA,0
3,0,532,1,23,0,0,917,7.925,NA,NA,NA,NA,NA,0
3,1,533,1,22,0,0,697,8.9625,NA,NA,NA,NA,NA,0
3,0,534,2,28,0,0,527,7.8958,NA,NA,NA,306,NA,0
3,0,535,1,28,0,0,463,7.775,NA,NA,NA,NA,NA,0
3,0,536,1,29.8811345124283,0,0,657,7.75,NA,NA,NA,NA,NA,0
3,1,550,1,2,0,1,339,12.2875,NA,NA,15,NA,NA,0
3,1,551,1,22,1,1,339,12.2875,NA,NA,15,NA,NA,0
3,0,560,2,43,0,0,745,6.45,NA,NA,NA,NA,NA,0
3,0,561,2,28,0,0,744,22.525,NA,NA,NA,NA,NA,0
3,1,565,1,27,0,0,916,7.925,NA,NA,NA,NA,NA,0
3,0,567,2,29.8811345124283,0,0,644,7.75,NA,NA,NA,NA,NA,0
3,1,569,1,29.8811345124283,0,0,706,8.05,NA,NA,NA,NA,NA,0
3,0,575,2,42,0,0,480,7.65,NA,NA,NA,120,NA,1
3,1,577,2,29.8811345124283,0,0,436,7.8875,NA,NA,NA,NA,NA,0
3,0,578,2,30,0,0,281,7.2292,NA,NA,NA,NA,NA,0
3,0,581,2,29.8811345124283,0,0,504,7.8958,NA,NA,NA,NA,NA,0
3,0,582,1,27,1,0,912,7.925,NA,NA,NA,NA,NA,0
3,0,583,1,25,1,0,913,7.925,NA,NA,NA,NA,NA,0
3,0,586,2,29.8811345124283,0,0,485,7.8958,NA,NA,NA,NA,NA,0
3,1,589,2,29,0,0,524,7.8958,NA,NA,15,NA,NA,0
3,1,590,2,21,0,0,550,7.7958,NA,NA,NA,NA,NA,0
3,0,591,2,29.8811345124283,0,0,875,7.05,NA,NA,NA,NA,NA,0
3,0,596,2,20,0,0,559,7.8542,NA,NA,NA,NA,NA,0
3,0,597,2,48,0,0,557,7.8542,NA,NA,NA,NA,NA,0
3,0,598,2,17,1,0,558,7.0542,NA,NA,NA,NA,NA,0
3,1,599,1,29.8811345124283,0,0,103,7.75,NA,NA,NA,NA,NA,0
3,1,601,2,29.8811345124283,0,0,684,8.1125,NA,NA,13,NA,NA,0
3,0,602,2,34,0,0,328,6.4958,NA,NA,NA,143,NA,0
3,1,603,2,26,0,0,448,7.775,NA,NA,15,NA,NA,0
3,0,604,2,22,0,0,560,7.7958,NA,NA,NA,156,NA,0
3,0,605,2,33,0,0,694,8.6542,NA,NA,NA,285,NA,0
3,0,606,2,31,0,0,441,7.775,NA,NA,NA,NA,NA,0
3,0,607,2,29,0,0,473,7.8542,NA,NA,NA,NA,NA,0
3,1,608,2,4,1,1,478,11.1333,NA,NA,15,NA,NA,0
3,1,609,1,1,1,1,478,11.1333,NA,NA,15,NA,NA,0
3,0,610,2,49,0,0,788,0,NA,NA,NA,NA,NA,0
3,0,611,2,33,0,0,440,7.775,NA,NA,NA,37,NA,0
3,0,612,2,19,0,0,788,0,NA,NA,NA,NA,NA,0
3,1,613,1,27,0,2,478,11.1333,NA,NA,15,NA,NA,0
3,0,614,2,29.8811345124283,1,2,924,23.45,NA,NA,NA,NA,NA,0
3,0,615,1,29.8811345124283,1,2,924,23.45,NA,NA,NA,NA,NA,0
3,0,616,2,29.8811345124283,1,2,924,23.45,NA,NA,NA,NA,NA,0
3,0,617,1,29.8811345124283,1,2,924,23.45,NA,NA,NA,NA,NA,0
3,0,619,2,23,0,0,488,7.8958,NA,NA,NA,NA,NA,0
3,1,620,2,32,0,0,573,7.8542,NA,NA,15,NA,NA,0
3,0,621,2,27,0,0,569,7.8542,NA,NA,NA,NA,NA,0
3,0,623,1,20,1,0,675,9.825,NA,NA,NA,NA,NA,0
3,0,624,1,21,1,0,676,9.825,NA,NA,NA,NA,NA,0
3,1,625,2,32,0,0,905,7.925,NA,NA,15,NA,NA,0
3,0,626,2,17,0,0,901,7.125,NA,NA,NA,NA,NA,0
3,0,627,2,21,0,0,703,8.4333,NA,NA,NA,NA,NA,0
3,0,630,2,30,0,0,530,7.8958,NA,NA,NA,NA,NA,0
3,1,631,2,21,0,0,561,7.7958,NA,NA,13,NA,NA,0
3,0,632,2,33,0,0,471,7.8542,NA,NA,NA,NA,NA,0
3,0,633,2,22,0,0,563,7.5208,NA,NA,NA,NA,NA,0
3,1,635,1,4,0,1,540,13.4167,NA,NA,15,NA,NA,0
3,1,636,2,39,0,1,540,13.4167,NA,NA,15,NA,NA,0
3,0,637,2,29.8811345124283,0,0,296,7.2292,NA,NA,NA,NA,NA,0
3,0,638,2,18.5,0,0,278,7.2292,NA,NA,NA,58,NA,0
3,0,640,2,29.8811345124283,0,0,86,7.75,NA,NA,NA,NA,NA,0
3,0,642,2,29.8811345124283,0,0,369,7.25,NA,NA,NA,NA,NA,0
3,1,644,1,29.8811345124283,0,0,705,7.75,NA,NA,16,NA,NA,0
3,1,645,1,29.8811345124283,0,0,102,7.75,NA,NA,NA,NA,NA,0
3,0,646,2,34.5,0,0,377,7.8292,NA,NA,NA,70,NA,0
3,0,646,2,44,0,0,586,8.05,NA,NA,NA,NA,NA,0
3,1,648,2,29.8811345124283,0,0,626,7.75,NA,NA,NA,NA,NA,0
3,0,652,2,29.8811345124283,1,0,255,14.4542,NA,NA,NA,NA,NA,0
3,0,653,1,29.8811345124283,1,0,255,14.4542,NA,NA,NA,NA,NA,0
3,0,654,2,29.8811345124283,1,0,610,7.75,NA,NA,NA,NA,NA,0
3,0,655,2,29.8811345124283,1,0,612,7.75,NA,NA,NA,NA,NA,0
3,0,656,2,29.8811345124283,0,0,622,7.7375,NA,NA,NA,NA,NA,0
3,0,662,1,22,2,0,365,8.6625,NA,NA,NA,NA,NA,0
3,0,663,2,26,2,0,364,8.6625,NA,NA,NA,NA,NA,0
3,1,659,1,4,0,2,366,22.025,NA,NA,2,NA,NA,0
3,1,660,2,29,3,1,366,22.025,NA,NA,2,NA,NA,0
3,1,661,1,26,1,1,366,22.025,NA,NA,2,NA,NA,0
3,0,666,1,1,1,1,566,12.1833,NA,NA,NA,NA,NA,0
3,0,667,2,18,1,1,565,7.8542,NA,NA,NA,NA,NA,0
3,0,668,1,36,0,2,566,12.1833,NA,NA,NA,NA,NA,0
3,0,670,2,29.8811345124283,0,0,537,7.8958,NA,NA,NA,NA,NA,0
3,1,671,2,25,0,0,249,7.2292,NA,NA,10,NA,NA,1
3,0,674,2,29.8811345124283,0,0,233,7.225,NA,NA,NA,NA,NA,0
3,0,677,1,37,0,0,674,9.5875,NA,NA,NA,NA,NA,0
3,0,678,2,29.8811345124283,0,0,501,7.8958,NA,NA,NA,NA,NA,0
3,1,679,2,29.8811345124283,0,0,105,56.4958,NA,NA,NA,NA,NA,0
3,0,680,2,29.8811345124283,0,0,105,56.4958,NA,NA,NA,NA,NA,0
3,1,682,1,22,0,0,747,7.25,NA,NA,13,NA,NA,0
3,0,683,2,29.8811345124283,0,0,701,7.75,NA,NA,NA,NA,NA,0
3,1,684,2,26,0,0,105,56.4958,NA,NA,14,NA,NA,0
3,0,690,2,29,0,0,695,9.4833,NA,NA,NA,NA,NA,0
3,0,691,2,29,0,0,445,7.775,NA,NA,NA,NA,NA,0
3,0,689,2,22,0,0,443,7.775,NA,NA,NA,NA,NA,0
3,1,693,2,22,0,0,229,7.225,NA,NA,6,NA,NA,0
3,0,694,2,29.8811345124283,3,1,672,25.4667,NA,NA,NA,NA,NA,0
3,0,695,1,29.8811345124283,3,1,672,25.4667,NA,NA,NA,NA,NA,0
3,0,696,1,29.8811345124283,3,1,672,25.4667,NA,NA,NA,NA,NA,0
3,0,697,1,29.8811345124283,3,1,672,25.4667,NA,NA,NA,NA,NA,0
3,0,698,1,29.8811345124283,0,4,672,25.4667,NA,NA,NA,NA,NA,0
3,0,700,2,32,0,0,909,7.925,NA,NA,NA,NA,NA,0
3,0,702,2,34.5,0,0,279,6.4375,NA,NA,NA,196,NA,0
3,0,704,1,29.8811345124283,1,0,638,15.5,NA,NA,NA,NA,NA,0
3,0,705,2,29.8811345124283,1,0,638,15.5,NA,NA,NA,NA,NA,0
3,0,706,2,36,0,0,788,0,NA,NA,NA,NA,NA,0
3,0,708,2,39,0,0,715,24.15,NA,NA,NA,NA,NA,0
3,0,713,2,24,0,0,433,9.5,NA,NA,NA,NA,NA,0
3,0,714,1,25,0,0,449,7.775,NA,NA,NA,NA,NA,0
3,0,715,1,45,0,0,451,7.75,NA,NA,NA,NA,NA,0
3,0,717,2,36,1,0,543,15.55,NA,NA,NA,NA,NA,0
3,0,718,1,30,1,0,543,15.55,NA,NA,NA,NA,NA,0
3,1,719,2,20,1,0,904,7.925,NA,NA,15,NA,NA,0
3,0,721,2,29.8811345124283,0,0,389,7.8792,NA,NA,NA,NA,NA,0
3,0,724,2,28,0,0,105,56.4958,NA,NA,NA,NA,NA,0
3,0,726,2,29.8811345124283,0,0,844,7.55,NA,NA,NA,NA,NA,0
3,0,727,2,30,1,0,735,16.1,NA,NA,NA,NA,NA,0
3,0,728,1,26,1,0,735,16.1,NA,NA,NA,NA,NA,0
3,0,729,2,29.8811345124283,0,0,84,7.8792,NA,NA,NA,153,NA,0
3,0,735,2,20.5,0,0,723,7.25,NA,NA,NA,NA,NA,0
3,1,736,2,27,0,0,363,8.6625,NA,NA,15,NA,NA,0
3,0,737,2,51,0,0,479,7.0542,NA,NA,NA,NA,NA,0
3,1,738,1,23,0,0,475,7.8542,NA,NA,10,NA,NA,0
3,1,739,2,32,0,0,564,7.5792,NA,NA,15,NA,NA,0
3,0,741,2,29.8811345124283,0,0,519,7.8958,NA,NA,NA,NA,NA,0
3,0,743,2,29.8811345124283,0,0,771,7.55,NA,NA,NA,NA,NA,0
3,1,744,1,29.8811345124283,0,0,637,7.75,NA,NA,15,NA,NA,0
3,1,746,2,24,0,0,743,7.1417,NA,NA,13,NA,NA,0
3,0,747,2,22,0,0,902,7.125,NA,NA,NA,NA,NA,0
3,0,749,1,29.8811345124283,0,0,381,7.8792,NA,NA,NA,NA,NA,0
3,0,750,2,29.8811345124283,0,0,741,7.75,NA,NA,NA,NA,NA,0
3,0,752,2,29.8811345124283,0,0,738,8.05,NA,NA,NA,NA,NA,0
3,0,753,2,29,0,0,898,7.925,NA,NA,NA,NA,NA,0
3,1,758,2,29.8811345124283,0,0,273,7.2292,NA,NA,15,NA,NA,0
3,0,759,1,30.5,0,0,598,7.75,NA,NA,NA,61,NA,0
3,1,761,1,29.8811345124283,0,0,623,7.7375,NA,NA,16,NA,NA,0
3,0,762,2,29.8811345124283,0,0,250,7.2292,NA,NA,NA,NA,NA,1
3,0,764,2,35,0,0,497,7.8958,NA,NA,NA,NA,NA,0
3,0,765,2,33,0,0,541,7.8958,NA,NA,NA,NA,NA,0
3,1,768,1,29.8811345124283,0,0,244,7.225,NA,NA,NA,NA,NA,0
3,0,769,2,29.8811345124283,0,0,539,7.8958,NA,NA,NA,NA,NA,0
3,1,774,1,29.8811345124283,0,0,663,7.75,NA,NA,NA,NA,NA,0
3,1,776,2,29.8811345124283,0,0,611,7.75,NA,NA,NA,NA,NA,0
3,1,777,1,29.8811345124283,2,0,609,23.25,NA,NA,16,NA,NA,0
3,1,778,1,29.8811345124283,2,0,609,23.25,NA,NA,16,NA,NA,0
3,1,779,2,29.8811345124283,2,0,609,23.25,NA,NA,16,NA,NA,0
3,1,782,1,29.8811345124283,0,0,383,7.7875,NA,NA,13,NA,NA,0
3,0,783,2,29.8811345124283,0,0,607,15.5,NA,NA,NA,NA,NA,0
3,1,785,1,29.8811345124283,0,0,382,7.8792,NA,NA,13,NA,NA,0
3,1,786,1,15,0,0,380,8.0292,NA,NA,NA,NA,NA,0
3,0,787,1,35,0,0,704,7.75,NA,NA,NA,NA,NA,0
3,0,789,2,29.8811345124283,0,0,639,7.75,NA,NA,NA,NA,NA,0
3,0,790,2,24,1,0,656,16.1,NA,NA,NA,NA,NA,0
3,0,791,1,19,1,0,656,16.1,NA,NA,NA,53,NA,0
3,0,792,1,29.8811345124283,0,0,635,7.75,NA,NA,NA,NA,NA,0
3,0,793,1,29.8811345124283,0,0,886,8.05,NA,NA,NA,NA,NA,0
3,0,794,1,29.8811345124283,0,0,409,8.05,NA,NA,NA,NA,NA,0
3,0,798,2,55.5,0,0,710,8.05,NA,NA,NA,201,NA,0
3,0,799,2,29.8811345124283,0,0,625,7.75,NA,NA,NA,NA,NA,0
3,1,803,2,21,0,0,416,7.775,NA,NA,15,NA,NA,0
3,0,804,2,29.8811345124283,0,0,579,8.05,NA,NA,NA,NA,NA,0
3,0,810,2,24,0,0,517,7.8958,NA,NA,NA,NA,NA,0
3,0,811,2,21,0,0,495,7.8958,NA,NA,NA,NA,NA,0
3,0,812,2,28,0,0,491,7.8958,NA,NA,NA,NA,NA,0
3,0,814,2,29.8811345124283,0,0,505,7.8958,NA,NA,NA,NA,NA,0
3,1,816,1,29.8811345124283,0,0,392,7.8792,NA,NA,16,NA,NA,0
3,0,817,2,25,0,0,482,7.65,NA,NA,NA,309,NA,1
3,1,820,2,6,0,1,670,12.475,NA,NA,14,NA,NA,1
3,1,821,1,27,0,1,670,12.475,NA,NA,14,NA,NA,1
3,0,823,2,29.8811345124283,0,0,739,8.05,NA,NA,NA,NA,NA,0
3,1,824,1,29.8811345124283,1,0,647,24.15,NA,NA,16,NA,NA,0
3,0,825,2,29.8811345124283,1,0,647,24.15,NA,NA,NA,NA,NA,0
3,0,826,2,29.8811345124283,0,0,374,8.4583,NA,NA,NA,NA,NA,0
3,0,829,2,34,0,0,591,8.05,NA,NA,NA,NA,NA,0
3,0,830,2,29.8811345124283,0,0,649,7.75,NA,NA,NA,NA,NA,0
3,1,831,2,29.8811345124283,0,0,342,7.775,NA,NA,NA,NA,NA,0
3,1,832,2,29.8811345124283,1,1,256,15.2458,NA,NA,NA,NA,NA,0
3,1,833,2,29.8811345124283,1,1,256,15.2458,NA,NA,NA,NA,NA,0
3,1,834,1,29.8811345124283,0,2,256,15.2458,NA,NA,NA,NA,NA,0
3,1,835,1,29.8811345124283,0,0,235,7.2292,NA,NA,NA,NA,NA,0
3,0,836,2,29.8811345124283,0,0,651,8.05,NA,NA,NA,NA,NA,0
3,1,838,1,29.8811345124283,0,0,577,7.7333,NA,NA,16,NA,NA,0
3,1,839,1,24,0,0,661,7.75,NA,NA,15,NA,NA,0
3,0,840,2,29.8811345124283,0,0,708,8.05,NA,NA,NA,NA,NA,0
3,1,841,1,29.8811345124283,1,0,613,15.5,NA,NA,16,NA,NA,0
3,1,842,1,29.8811345124283,1,0,613,15.5,NA,NA,16,NA,NA,0
3,1,843,1,29.8811345124283,0,0,607,15.5,NA,NA,16,NA,NA,0
3,0,844,2,18,0,0,456,7.75,NA,NA,NA,NA,NA,0
3,0,846,2,22,0,0,490,7.8958,NA,NA,NA,NA,NA,0
3,1,847,1,15,0,0,262,7.225,NA,NA,NA,NA,NA,0
3,1,848,1,1,0,2,248,15.7417,NA,NA,NA,NA,NA,0
3,1,849,2,20,1,1,248,15.7417,NA,NA,NA,NA,NA,0
3,1,850,1,19,1,1,248,15.7417,NA,NA,NA,NA,NA,0
3,0,851,2,33,0,0,709,8.05,NA,NA,NA,NA,NA,0
3,0,852,2,29.8811345124283,0,0,502,7.8958,NA,NA,NA,NA,NA,0
3,0,853,2,29.8811345124283,0,0,247,7.2292,NA,NA,NA,NA,NA,0
3,0,857,1,29.8811345124283,0,0,606,7.75,NA,NA,NA,NA,NA,0
3,0,861,2,29.8811345124283,0,0,518,7.8958,NA,NA,NA,NA,NA,0
3,1,869,2,12,1,0,246,11.2417,NA,NA,NA,NA,NA,0
3,1,870,1,14,1,0,246,11.2417,NA,NA,NA,NA,NA,0
3,0,871,1,29,0,0,338,7.925,NA,NA,NA,NA,NA,0
3,0,872,2,28,0,0,587,8.05,NA,NA,NA,NA,NA,0
3,1,873,1,18,0,0,444,7.775,NA,NA,NA,NA,NA,0
3,1,874,1,26,0,0,476,7.8542,NA,NA,13,NA,NA,0
3,0,875,2,21,0,0,571,7.8542,NA,NA,NA,NA,NA,0
3,0,876,2,41,0,0,887,7.125,NA,NA,NA,NA,121,0
3,1,877,2,39,0,0,907,7.925,NA,NA,9,NA,NA,0
3,0,879,2,21,0,0,719,7.8,NA,NA,NA,NA,NA,0
3,0,881,2,28.5,0,0,293,7.2292,NA,NA,NA,181,NA,0
3,1,883,1,22,0,0,459,7.75,NA,NA,13,NA,NA,0
3,0,884,2,61,0,0,414,6.2375,NA,NA,NA,NA,NA,0
3,0,885,2,29.8811345124283,1,0,634,15.5,NA,NA,NA,NA,NA,0
3,0,886,2,29.8811345124283,0,0,391,7.8292,NA,NA,NA,NA,NA,0
3,1,887,1,29.8811345124283,1,0,634,15.5,NA,NA,NA,NA,NA,0
3,0,888,2,29.8811345124283,0,0,393,7.7333,NA,NA,NA,NA,NA,0
3,0,889,2,29.8811345124283,0,0,645,7.75,NA,NA,NA,NA,NA,0
3,0,890,2,29.8811345124283,0,0,608,7.75,NA,NA,NA,NA,NA,0
3,0,897,2,23,0,0,691,9.225,NA,NA,NA,NA,NA,0
3,0,891,1,29.8811345124283,0,0,600,7.75,NA,NA,NA,NA,NA,0
3,1,892,1,29.8811345124283,0,0,101,7.75,NA,NA,NA,NA,NA,0
3,1,893,1,29.8811345124283,0,0,386,7.8792,NA,NA,NA,NA,NA,0
3,1,898,1,22,0,0,462,7.775,NA,NA,NA,NA,NA,0
3,1,894,2,29.8811345124283,0,0,619,7.75,NA,NA,NA,NA,NA,0
3,1,895,1,29.8811345124283,0,0,378,7.8292,NA,NA,13,NA,NA,0
3,1,900,2,9,0,1,742,3.1708,NA,NA,13,NA,NA,0
3,0,901,2,28,0,0,744,22.525,NA,NA,NA,173,NA,0
3,0,902,2,42,0,1,678,8.4042,NA,NA,NA,NA,NA,0
3,0,903,2,29.8811345124283,0,0,787,7.3125,NA,NA,NA,NA,NA,0
3,0,904,1,31,0,0,568,7.8542,NA,NA,NA,NA,NA,0
3,0,905,2,28,0,0,470,7.8542,NA,NA,NA,NA,NA,0
3,1,906,2,32,0,0,457,7.775,NA,NA,NA,NA,NA,0
3,0,907,2,20,0,0,685,9.225,NA,NA,NA,89,252,0
3,0,909,1,23,0,0,350,8.6625,NA,NA,NA,NA,NA,0
3,0,910,1,20,0,0,361,8.6625,NA,NA,NA,NA,NA,0
3,0,911,2,20,0,0,359,8.6625,NA,NA,NA,NA,NA,0
3,0,912,2,16,0,0,692,9.2167,NA,NA,NA,NA,NA,0
3,1,913,1,31,0,0,528,8.6833,NA,NA,NA,NA,NA,0
3,0,896,1,29.8811345124283,0,0,375,7.6292,NA,NA,NA,NA,NA,0
3,0,922,2,2,3,1,542,21.075,NA,NA,NA,4,NA,0
3,0,923,2,6,3,1,542,21.075,NA,NA,NA,NA,NA,0
3,0,924,1,3,3,1,542,21.075,NA,NA,NA,NA,NA,0
3,0,925,1,8,3,1,542,21.075,NA,NA,NA,NA,NA,0
3,0,926,1,29,0,4,542,21.075,NA,NA,NA,206,NA,0
3,0,927,2,1,4,1,336,39.6875,NA,NA,NA,NA,NA,0
3,0,928,2,7,4,1,336,39.6875,NA,NA,NA,NA,NA,0
3,0,929,2,2,4,1,336,39.6875,NA,NA,NA,NA,NA,0
3,0,930,2,16,4,1,336,39.6875,NA,NA,NA,NA,NA,0
3,0,931,2,14,4,1,336,39.6875,NA,NA,NA,NA,NA,0
3,0,932,1,41,0,5,336,39.6875,NA,NA,NA,NA,NA,0
3,0,938,2,21,0,0,362,8.6625,NA,NA,NA,NA,NA,0
3,0,939,2,19,0,0,578,14.5,NA,NA,NA,NA,NA,0
3,0,940,2,29.8811345124283,0,0,402,8.7125,NA,NA,NA,NA,NA,0
3,0,941,2,32,0,0,526,7.8958,NA,NA,NA,NA,NA,0
3,0,943,2,0.75,1,1,884,13.775,NA,NA,NA,NA,NA,0
3,0,944,1,3,1,1,884,13.775,NA,NA,NA,NA,NA,0
3,0,945,1,26,0,2,884,13.775,NA,NA,NA,NA,NA,0
3,0,946,2,29.8811345124283,0,0,411,7,NA,NA,NA,NA,NA,0
3,0,949,2,29.8811345124283,0,0,415,7.775,NA,NA,NA,NA,NA,0
3,0,950,2,29.8811345124283,0,0,727,8.05,NA,NA,NA,NA,NA,0
3,0,951,2,21,0,0,911,7.925,NA,NA,NA,NA,NA,0
3,0,952,2,25,0,0,908,7.925,NA,NA,NA,NA,NA,0
3,0,956,2,22,0,0,724,7.25,NA,NA,NA,NA,NA,0
3,1,959,2,25,1,0,461,7.775,NA,NA,15,NA,NA,0
3,1,961,2,29.8811345124283,1,1,263,22.3583,NA,NA,NA,NA,NA,0
3,1,962,1,29.8811345124283,1,1,263,22.3583,NA,NA,NA,NA,NA,1
3,1,963,1,29.8811345124283,0,2,263,22.3583,NA,NA,NA,NA,NA,0
3,0,964,1,29.8811345124283,0,0,384,8.1375,NA,NA,NA,NA,NA,0
3,0,965,2,24,0,0,405,8.05,NA,NA,NA,NA,NA,0
3,0,966,1,28,0,0,529,7.8958,NA,NA,NA,NA,NA,0
3,0,967,2,19,0,0,496,7.8958,NA,NA,NA,NA,NA,0
3,0,968,2,29.8811345124283,0,0,499,7.8958,NA,NA,NA,NA,NA,0
3,0,969,2,25,1,0,454,7.775,NA,NA,NA,NA,NA,0
3,0,970,1,18,0,0,464,7.775,NA,NA,NA,NA,NA,0
3,1,975,2,32,0,0,885,8.05,NA,NA,9,NA,NA,1
3,0,977,2,29.8811345124283,0,0,511,7.8958,NA,NA,NA,NA,NA,0
3,0,978,2,17,0,0,360,8.6625,NA,NA,NA,NA,NA,0
3,0,979,2,24,0,0,357,8.6625,NA,NA,NA,NA,NA,0
3,0,988,2,29.8811345124283,0,0,507,7.8958,NA,NA,NA,NA,NA,0
3,0,989,1,29.8811345124283,0,0,683,8.1125,NA,NA,NA,NA,NA,0
3,0,990,2,29.8811345124283,0,0,238,7.2292,NA,NA,NA,NA,NA,0
3,0,991,2,29.8811345124283,0,0,582,7.25,NA,NA,NA,NA,NA,0
3,0,993,2,38,0,0,533,7.8958,NA,NA,NA,NA,NA,0
3,0,998,2,21,0,0,406,8.05,NA,NA,NA,NA,NA,0
3,0,1000,2,10,4,1,660,29.125,NA,NA,NA,NA,NA,0
3,0,1001,2,4,4,1,660,29.125,NA,NA,NA,NA,NA,0
3,0,1002,2,7,4,1,660,29.125,NA,NA,NA,NA,NA,0
3,0,1003,2,2,4,1,660,29.125,NA,NA,NA,NA,NA,0
3,0,1004,2,8,4,1,660,29.125,NA,NA,NA,NA,NA,0
3,0,1005,1,39,0,5,660,29.125,NA,NA,NA,327,NA,0
3,0,1011,1,22,0,0,336,39.6875,NA,NA,NA,NA,NA,0
3,0,1013,2,35,0,0,900,7.125,NA,NA,NA,NA,NA,0
3,1,1014,1,29.8811345124283,0,0,395,7.7208,NA,NA,13,NA,NA,0
3,0,1015,2,29.8811345124283,0,0,588,14.5,NA,NA,NA,NA,NA,0
3,0,1016,1,29.8811345124283,0,0,588,14.5,NA,NA,NA,NA,NA,0
3,0,1019,2,50,1,0,736,14.5,NA,NA,NA,119,NA,0
3,0,1020,1,47,1,0,736,14.5,NA,NA,NA,7,NA,0
3,0,1023,2,29.8811345124283,0,0,841,8.05,NA,NA,NA,NA,NA,0
3,0,1025,2,29.8811345124283,0,0,344,7.775,NA,NA,NA,NA,NA,0
3,0,1027,1,2,1,1,633,20.2125,NA,NA,NA,NA,NA,0
3,0,1028,2,18,1,1,633,20.2125,NA,NA,NA,NA,NA,0
3,0,1029,1,41,0,2,633,20.2125,NA,NA,NA,NA,NA,0
3,1,1033,1,29.8811345124283,0,0,407,8.05,NA,NA,NA,NA,NA,0
3,0,1037,2,50,0,0,730,8.05,NA,NA,NA,NA,NA,0
3,0,1040,2,16,0,0,717,8.05,NA,NA,NA,NA,NA,0
3,1,1041,2,29.8811345124283,0,0,664,7.75,NA,NA,14,NA,NA,0
3,0,1042,2,29.8811345124283,0,0,647,24.15,NA,NA,NA,NA,NA,0
3,0,1048,2,29.8811345124283,0,0,267,7.2292,NA,NA,NA,NA,NA,0
3,0,1049,2,25,0,0,268,7.225,NA,NA,NA,NA,NA,0
3,0,1050,2,29.8811345124283,0,0,272,7.225,NA,NA,NA,NA,NA,0
3,0,1052,2,29.8811345124283,0,0,616,7.7292,NA,NA,NA,NA,NA,0
3,0,1053,2,29.8811345124283,0,0,789,7.575,NA,NA,NA,NA,NA,0
3,0,1054,2,38.5,0,0,873,7.25,NA,NA,NA,32,NA,0
3,0,1055,2,29.8811345124283,8,2,779,69.55,NA,NA,NA,NA,NA,0
3,0,1056,2,14.5,8,2,779,69.55,NA,NA,NA,67,NA,0
3,0,1057,1,29.8811345124283,8,2,779,69.55,NA,NA,NA,NA,NA,0
3,0,1058,1,29.8811345124283,8,2,779,69.55,NA,NA,NA,NA,NA,0
3,0,1059,1,29.8811345124283,8,2,779,69.55,NA,NA,NA,NA,NA,0
3,0,1060,1,29.8811345124283,8,2,779,69.55,NA,NA,NA,NA,NA,0
3,0,1061,2,29.8811345124283,8,2,779,69.55,NA,NA,NA,NA,NA,0
3,0,1062,2,29.8811345124283,8,2,779,69.55,NA,NA,NA,NA,NA,0
3,0,1063,2,29.8811345124283,8,2,779,69.55,NA,NA,NA,NA,NA,0
3,0,1064,2,29.8811345124283,1,9,779,69.55,NA,NA,NA,NA,NA,0
3,0,1065,1,29.8811345124283,1,9,779,69.55,NA,NA,NA,NA,NA,0
3,0,1067,2,24,0,0,690,9.325,NA,NA,NA,NA,NA,0
3,1,1068,1,21,0,0,410,7.65,NA,NA,NA,NA,NA,0
3,0,1070,2,39,0,0,337,7.925,NA,NA,NA,NA,NA,0
3,0,1071,2,29.8811345124283,2,0,257,21.6792,NA,NA,NA,NA,NA,0
3,0,1072,2,29.8811345124283,2,0,257,21.6792,NA,NA,NA,NA,NA,0
3,0,1073,2,29.8811345124283,2,0,257,21.6792,NA,NA,NA,NA,NA,0
3,1,1074,1,1,1,1,840,16.7,NA,NA,13,NA,NA,1
3,1,1076,1,24,0,2,840,16.7,NA,NA,13,NA,NA,1
3,1,1075,1,4,1,1,840,16.7,NA,NA,13,NA,NA,1
3,1,1077,2,25,0,0,422,9.5,NA,NA,11,NA,NA,0
3,0,1078,2,20,0,0,734,8.05,NA,NA,NA,NA,NA,0
3,0,1079,2,24.5,0,0,408,8.05,NA,NA,NA,284,NA,0
3,0,1080,2,29.8811345124283,0,0,581,7.725,NA,NA,NA,NA,NA,0
3,0,1083,2,29.8811345124283,0,0,506,7.8958,NA,NA,NA,NA,NA,0
3,0,1088,2,29.8811345124283,0,0,641,7.75,NA,NA,NA,NA,NA,0
3,1,1089,2,29,0,0,431,9.5,NA,NA,11,NA,NA,0
3,0,1090,2,29.8811345124283,0,0,774,15.1,NA,NA,NA,NA,NA,0
3,1,1092,1,29.8811345124283,0,0,388,7.7792,NA,NA,NA,NA,NA,0
3,0,1093,2,29.8811345124283,0,0,653,8.05,NA,NA,NA,NA,NA,0
3,0,1099,2,29.8811345124283,0,0,893,8.05,NA,NA,NA,NA,NA,0
3,0,1103,2,22,0,0,264,7.2292,NA,NA,NA,NA,NA,0
3,0,1104,2,29.8811345124283,0,0,668,8.05,NA,NA,NA,NA,NA,0
3,0,1105,2,40,0,0,535,7.8958,NA,NA,NA,NA,NA,0
3,0,1106,2,21,0,0,903,7.925,NA,NA,NA,NA,NA,0
3,1,1107,1,18,0,0,329,7.4958,NA,NA,16,NA,NA,0
3,0,1109,2,4,3,2,465,27.9,NA,NA,NA,NA,NA,0
3,0,1110,2,10,3,2,465,27.9,NA,NA,NA,NA,NA,0
3,0,1111,1,9,3,2,465,27.9,NA,NA,NA,NA,NA,0
3,0,1112,1,2,3,2,465,27.9,NA,NA,NA,NA,NA,0
3,0,1113,2,40,1,4,465,27.9,NA,NA,NA,NA,NA,0
3,0,1114,1,45,1,4,465,27.9,NA,NA,NA,NA,NA,0
3,0,1115,2,29.8811345124283,0,0,498,7.8958,NA,NA,NA,NA,NA,0
3,0,1118,2,29.8811345124283,0,0,895,8.05,NA,NA,NA,NA,NA,0
3,0,1121,2,29.8811345124283,0,0,346,8.6625,NA,NA,NA,NA,NA,0
3,0,1126,2,29.8811345124283,0,0,665,7.75,NA,NA,NA,NA,NA,0
3,1,1128,1,29.8811345124283,0,0,397,7.7333,NA,NA,13,NA,NA,0
3,0,1132,2,19,0,0,483,7.65,NA,NA,NA,NA,NA,1
3,0,1133,2,30,0,0,711,8.05,NA,NA,NA,NA,NA,0
3,0,1134,2,29.8811345124283,0,0,712,8.05,NA,NA,NA,NA,NA,0
3,0,1140,2,32,0,0,918,8.05,NA,NA,NA,NA,NA,0
3,0,1142,2,29.8811345124283,0,0,492,7.8958,NA,NA,NA,NA,NA,0
3,0,1143,2,33,0,0,523,8.6625,NA,NA,NA,NA,NA,0
3,1,1144,1,23,0,0,778,7.55,NA,NA,NA,NA,NA,0
3,0,1145,2,21,0,0,714,8.05,NA,NA,NA,NA,NA,0
3,0,1154,2,60.5,0,0,632,NA,NA,NA,NA,261,NA,0
3,0,1155,2,19,0,0,489,7.8958,NA,NA,NA,NA,NA,0
3,0,1156,1,22,0,0,699,9.8375,NA,NA,NA,NA,NA,0
3,1,1157,2,31,0,0,906,7.925,NA,NA,9,NA,NA,0
3,0,1160,2,27,0,0,348,8.6625,NA,NA,NA,NA,NA,0
3,0,1161,1,2,0,1,437,10.4625,NA,NA,NA,NA,NA,1
3,0,1162,1,29,1,1,437,10.4625,NA,NA,NA,NA,NA,1
3,1,1163,2,16,0,0,896,8.05,NA,NA,NA,NA,NA,0
3,1,1164,2,44,0,0,899,7.925,NA,NA,15,NA,NA,0
3,0,1165,2,25,0,0,892,7.05,NA,NA,NA,NA,NA,0
3,0,1167,2,74,0,0,438,7.775,NA,NA,NA,NA,NA,0
3,1,1168,2,14,0,0,693,9.225,NA,NA,13,NA,NA,0
3,0,1169,2,24,0,0,551,7.7958,NA,NA,NA,NA,NA,0
3,1,1178,2,25,0,0,549,7.7958,NA,NA,NA,NA,NA,0
3,0,1182,2,34,0,0,585,8.05,NA,NA,NA,176,NA,0
3,1,1183,2,0.4167,0,1,234,8.5167,NA,NA,16,NA,NA,0
3,0,1184,2,29.8811345124283,1,0,230,6.4375,NA,NA,NA,NA,NA,0
3,0,1185,2,29.8811345124283,0,0,277,6.4375,NA,NA,NA,NA,NA,0
3,0,1186,2,29.8811345124283,0,0,280,7.225,NA,NA,NA,NA,NA,0
3,1,1187,1,16,1,1,234,8.5167,NA,NA,14,NA,NA,0
3,0,1188,2,29.8811345124283,0,0,368,8.05,NA,NA,NA,NA,NA,0
3,0,1190,2,29.8811345124283,1,0,655,16.1,NA,NA,NA,NA,NA,0
3,1,1191,1,29.8811345124283,1,0,655,16.1,NA,NA,10,NA,NA,0
3,0,1192,2,32,0,0,910,7.925,NA,NA,NA,NA,NA,0
3,0,1193,2,29.8811345124283,0,0,662,7.75,NA,NA,NA,NA,NA,1
3,0,1194,2,29.8811345124283,0,0,500,7.8958,NA,NA,NA,NA,NA,0
3,0,1195,2,30.5,0,0,589,8.05,NA,NA,NA,50,NA,0
3,0,1197,2,44,0,0,592,8.05,NA,NA,NA,NA,NA,0
3,0,1198,2,29.8811345124283,0,0,269,7.2292,NA,NA,NA,NA,NA,0
3,1,1199,2,25,0,0,788,0,NA,NA,15,NA,NA,0
3,0,1200,2,29.8811345124283,0,0,241,7.2292,NA,NA,NA,NA,NA,0
3,1,1201,2,7,1,1,245,15.2458,NA,NA,NA,NA,NA,0
3,1,1202,1,9,1,1,245,15.2458,NA,NA,NA,NA,NA,0
3,1,1203,1,29,0,2,245,15.2458,NA,NA,NA,NA,NA,0
3,0,1208,2,36,0,0,531,7.8958,NA,NA,NA,NA,NA,0
3,1,1209,1,18,0,0,677,9.8417,NA,NA,15,NA,NA,0
3,1,1210,1,63,0,0,673,9.5875,NA,NA,15,NA,NA,0
3,0,1214,2,29.8811345124283,1,1,737,14.5,NA,NA,NA,NA,NA,0
3,0,1215,2,11.5,1,1,737,14.5,NA,NA,NA,1,NA,0
3,0,1216,2,40.5,0,2,737,14.5,NA,NA,NA,255,NA,0
3,0,1218,1,10,0,2,426,24.15,NA,NA,NA,NA,NA,0
3,0,1219,2,36,1,1,426,24.15,NA,NA,NA,NA,NA,0
3,0,1220,1,30,1,1,426,24.15,NA,NA,NA,NA,NA,0
3,0,1221,2,29.8811345124283,0,0,429,9.5,NA,NA,NA,NA,NA,0
3,0,1222,2,33,0,0,432,9.5,NA,NA,NA,NA,NA,0
3,0,1223,2,28,0,0,424,9.5,NA,NA,NA,NA,NA,0
3,0,1224,2,28,0,0,434,9.5,NA,NA,NA,NA,NA,0
3,0,1225,2,47,0,0,420,9,NA,NA,NA,NA,NA,0
3,0,1226,1,18,2,0,419,18,NA,NA,NA,NA,NA,0
3,0,1227,2,31,3,0,418,18,NA,NA,NA,NA,NA,0
3,0,1228,2,16,2,0,419,18,NA,NA,NA,NA,NA,0
3,0,1229,1,31,1,0,418,18,NA,NA,NA,NA,NA,0
3,1,1230,2,22,0,0,253,7.225,NA,NA,NA,NA,NA,0
3,0,1232,2,20,0,0,572,7.8542,NA,NA,NA,NA,NA,0
3,0,1233,1,14,0,0,567,7.8542,NA,NA,NA,NA,NA,0
3,0,1234,2,22,0,0,536,7.8958,NA,NA,NA,NA,NA,0
3,0,1235,2,22,0,0,421,9,NA,NA,NA,NA,6,0
3,0,1239,2,29.8811345124283,0,0,580,8.05,NA,NA,NA,NA,NA,0
3,0,1243,2,29.8811345124283,0,0,772,7.55,NA,NA,NA,NA,NA,0
3,0,1250,2,29.8811345124283,0,0,890,8.05,NA,NA,NA,NA,NA,0
3,0,1257,2,32.5,0,0,428,9.5,NA,NA,NA,298,NA,0
3,1,1262,1,38,0,0,284,7.2292,NA,NA,NA,NA,NA,0
3,0,1271,2,51,0,0,442,7.75,NA,NA,NA,NA,NA,0
3,0,1275,2,18,1,0,331,6.4958,NA,NA,NA,314,NA,0
3,0,1276,2,21,1,0,330,6.4958,NA,NA,NA,NA,NA,0
3,1,1278,1,47,1,0,583,7,NA,NA,NA,NA,NA,0
3,0,1280,2,29.8811345124283,0,0,401,8.7125,NA,NA,NA,NA,NA,0
3,0,1281,2,29.8811345124283,0,0,846,7.55,NA,NA,NA,NA,NA,0
3,0,1285,2,29.8811345124283,0,0,726,8.05,NA,NA,NA,NA,NA,0
3,0,1286,2,28.5,0,0,679,16.1,NA,NA,NA,14,NA,0
3,0,1289,2,21,0,0,891,7.25,NA,NA,NA,NA,NA,0
3,0,1290,2,27,0,0,367,8.6625,NA,NA,NA,131,NA,0
3,0,1291,2,29.8811345124283,0,0,718,7.25,NA,NA,NA,NA,NA,0
3,0,1292,2,36,0,0,425,9.5,NA,NA,NA,NA,NA,0
3,0,1296,2,27,1,0,254,14.4542,NA,NA,NA,NA,NA,0
3,1,1297,1,15,1,0,254,14.4542,NA,NA,NA,NA,NA,0
3,0,1299,2,45.5,0,0,237,7.225,NA,NA,NA,312,NA,0
3,0,1300,2,29.8811345124283,0,0,242,7.225,NA,NA,NA,NA,NA,0
3,0,1301,2,29.8811345124283,0,0,236,14.4583,NA,NA,NA,NA,NA,0
3,0,1303,1,14.5,1,0,260,14.4542,NA,NA,NA,328,NA,0
3,0,1304,1,29.8811345124283,1,0,260,14.4542,NA,NA,NA,NA,NA,0
3,0,1305,2,26.5,0,0,251,7.225,NA,NA,NA,304,NA,0
3,0,1306,2,27,0,0,265,7.225,NA,NA,NA,NA,NA,0
3,0,1307,2,29,0,0,347,7.875,NA,NA,NA,NA,NA,0
NA,NA,NA,NA,29.8811345124283,NA,NA,NA,NA,NA,NA,NA,NA,NA,0
